resultId,season,round,driverId,constructorId,grid,position,positionText,points,laps,status,time,fastestLapTime,fastestLapRank,fastestLapSpeed
1,2024,1,max_verstappen,red_bull,1,1,1,26.00,57,Finished,1:31:44.742,1:32.608,1,210.383
2,2024,1,perez,red_bull,5,2,2,18.00,57,Finished,+22.457,1:34.364,4,206.468
3,2024,1,sainz,ferrari,4,3,3,15.00,57,Finished,+25.110,1:34.507,6,206.156
4,2024,1,leclerc,ferrari,2,4,4,12.00,57,Finished,+39.669,1:34.090,2,207.069
5,2024,1,russell,mercedes,3,5,5,10.00,57,Finished,+46.788,1:35.065,12,204.946
6,2024,1,norris,mclaren,7,6,6,8.00,57,Finished,+48.458,1:34.476,5,
7,2024,1,hamilton,mercedes,9,7,7,6.00,57,Finished,+50.324,1:34.722,7,205.688
8,2024,1,piastri,mclaren,8,8,8,4.00,57,Finished,+56.082,1:34.983,11,
9,2024,1,alonso,aston_martin,6,9,9,2.00,57,Finished,+1:14.887,1:34.199,3,206.83
10,2024,1,stroll,aston_martin,12,10,10,1.00,57,Finished,+1:33.216,1:35.632,16,203.73
11,2024,1,zhou,sauber,17,11,11,0.00,56,Lapped,+6.759,1:35.458,14,204.102
12,2024,1,kevin_magnussen,haas,15,12,12,0.00,56,Lapped,+8.316,1:35.570,15,203.863
13,2024,1,ricciardo,rb,14,13,13,0.00,56,Lapped,+8.958,1:35.163,13,204.735
14,2024,1,tsunoda,rb,11,14,14,0.00,56,Lapped,+9.482,1:35.833,18,203.303
15,2024,1,albon,williams,13,15,15,0.00,56,Lapped,+11.886,1:35.723,17,203.537
16,2024,1,hulkenberg,haas,10,16,16,0.00,56,Lapped,+17.632,1:34.834,10,205.445
17,2024,1,ocon,alpine,19,17,17,0.00,56,Lapped,+31.450,1:36.226,20,202.473
18,2024,1,gasly,alpine,20,18,18,0.00,56,Lapped,+32.417,1:34.805,9,205.508
19,2024,1,bottas,sauber,16,19,19,0.00,56,Lapped,+1:23.230,1:36.202,19,202.523
20,2024,1,sargeant,williams,18,20,20,0.00,55,Lapped,+20.795,1:34.735,8,205.659
21,2024,2,max_verstappen,red_bull,1,1,1,25.00,50,Finished,1:20:43.273,1:31.773,3,242.188
22,2024,2,perez,red_bull,3,2,2,18.00,50,Finished,+13.643,1:32.273,8,240.876
23,2024,2,leclerc,ferrari,2,3,3,16.00,50,Finished,+18.639,1:31.632,1,242.561
24,2024,2,piastri,mclaren,5,4,4,12.00,50,Finished,+32.007,1:32.310,10,
25,2024,2,alonso,aston_martin,4,5,5,10.00,50,Finished,+35.759,1:32.387,13,240.579
26,2024,2,russell,mercedes,7,6,6,8.00,50,Finished,+39.936,1:32.254,7,240.926
27,2024,2,bearman,ferrari,11,7,7,6.00,50,Finished,+42.679,1:32.186,5,241.103
28,2024,2,norris,mclaren,6,8,8,4.00,50,Finished,+45.708,1:31.944,4,
29,2024,2,hamilton,mercedes,8,9,9,2.00,50,Finished,+47.391,1:31.746,2,242.26
30,2024,2,hulkenberg,haas,15,10,10,1.00,50,Finished,+1:16.996,1:32.366,12,240.633
31,2024,2,albon,williams,12,11,11,0.00,50,Finished,+1:28.354,1:32.307,9,240.787
32,2024,2,kevin_magnussen,haas,13,12,12,0.00,50,Finished,+1:45.737,1:32.338,11,240.706
33,2024,2,ocon,alpine,17,13,13,0.00,49,Lapped,+4.001,1:33.481,17,237.763
34,2024,2,sargeant,williams,19,14,14,0.00,49,Lapped,+6.785,1:33.026,15,
35,2024,2,tsunoda,rb,9,15,15,0.00,49,Lapped,+10.533,1:33.523,18,
36,2024,2,ricciardo,rb,14,16,16,0.00,49,Lapped,+20.715,1:33.323,16,238.166
37,2024,2,bottas,sauber,16,17,17,0.00,49,Lapped,+23.115,1:32.706,14,239.751
38,2024,2,zhou,sauber,20,18,18,0.00,49,Lapped,+29.553,1:32.208,6,241.046
39,2024,2,stroll,aston_martin,10,19,R,0.00,5,Retired,,1:35.560,19,232.591
40,2024,2,gasly,alpine,18,20,R,0.00,1,Retired,,,NULL,
41,2024,3,sainz,ferrari,2,1,1,25.00,58,Finished,1:20:26.843,1:20.031,3,237.418
42,2024,3,leclerc,ferrari,4,2,2,19.00,58,Finished,+2.366,1:19.813,1,238.066
43,2024,3,norris,mclaren,3,3,3,15.00,58,Finished,+5.904,1:19.915,2,
44,2024,3,piastri,mclaren,5,4,4,12.00,58,Finished,+35.770,1:20.199,4,
45,2024,3,perez,red_bull,6,5,5,10.00,58,Finished,+56.309,1:20.388,6,236.363
46,2024,3,stroll,aston_martin,9,6,6,8.00,58,Finished,+1:33.222,1:20.930,8,234.78
47,2024,3,tsunoda,rb,8,7,7,6.00,58,Finished,+1:35.601,1:21.134,11,234.19
48,2024,3,alonso,aston_martin,10,8,8,4.00,58,Finished,+1:40.992,1:20.493,7,236.055
49,2024,3,hulkenberg,haas,16,9,9,2.00,58,Finished,+1:44.553,1:21.145,12,234.158
50,2024,3,kevin_magnussen,haas,14,10,10,1.00,57,Lapped,+4.081,1:21.082,9,234.34
51,2024,3,albon,williams,12,11,11,0.00,57,Lapped,+5.009,1:21.618,17,232.801
52,2024,3,ricciardo,rb,18,12,12,0.00,57,Lapped,+11.508,1:21.239,13,233.887
53,2024,3,gasly,alpine,17,13,13,0.00,57,Lapped,+40.953,1:21.090,10,234.317
54,2024,3,bottas,sauber,13,14,14,0.00,57,Lapped,+42.326,1:21.422,16,233.361
55,2024,3,zhou,sauber,19,15,15,0.00,57,Lapped,+44.293,1:21.327,14,233.634
56,2024,3,ocon,alpine,15,16,16,0.00,57,Lapped,+53.979,1:21.354,15,233.557
57,2024,3,russell,mercedes,7,17,17,0.00,56,Retired,,1:20.284,5,236.669
58,2024,3,hamilton,mercedes,11,18,R,0.00,15,Retired,,1:22.444,18,230.469
59,2024,3,max_verstappen,red_bull,1,19,R,0.00,3,Retired,,1:23.115,19,228.608
60,2024,4,max_verstappen,red_bull,1,1,1,26.00,53,Finished,1:54:23.566,1:33.706,1,223.093
61,2024,4,perez,red_bull,2,2,2,18.00,53,Finished,+12.535,1:33.945,3,222.525
62,2024,4,sainz,ferrari,4,3,3,15.00,53,Finished,+20.866,1:33.841,2,222.772
63,2024,4,leclerc,ferrari,8,4,4,12.00,53,Finished,+26.522,1:35.044,9,219.952
64,2024,4,norris,mclaren,3,5,5,10.00,53,Finished,+29.700,1:35.186,10,
65,2024,4,alonso,aston_martin,5,6,6,8.00,53,Finished,+44.272,1:34.726,6,220.691
66,2024,4,russell,mercedes,9,7,7,6.00,53,Finished,+45.951,1:34.404,5,221.444
67,2024,4,piastri,mclaren,6,8,8,4.00,53,Finished,+47.525,1:34.802,7,
68,2024,4,hamilton,mercedes,7,9,9,2.00,53,Finished,+48.626,1:33.952,4,222.509
69,2024,4,tsunoda,rb,10,10,10,1.00,52,Lapped,+1.602,1:36.342,14,216.989
70,2024,4,hulkenberg,haas,12,11,11,0.00,52,Lapped,+7.168,1:35.325,11,219.304
71,2024,4,stroll,aston_martin,16,12,12,0.00,52,Lapped,+11.233,1:35.798,12,218.221
72,2024,4,kevin_magnussen,haas,18,13,13,0.00,52,Lapped,+17.919,1:36.654,17,216.289
73,2024,4,bottas,sauber,13,14,14,0.00,52,Lapped,+18.893,1:36.608,15,216.392
74,2024,4,ocon,alpine,15,15,15,0.00,52,Lapped,+41.152,1:36.232,13,217.237
75,2024,4,gasly,alpine,17,16,16,0.00,52,Lapped,+55.066,1:36.642,16,216.315
76,2024,4,sargeant,williams,19,17,17,0.00,52,Lapped,+1:12.765,1:34.900,8,220.286
77,2024,4,zhou,sauber,20,18,R,0.00,12,Retired,,1:37.160,18,215.162
78,2024,4,ricciardo,rb,11,19,R,0.00,0,Retired,,,NULL,
79,2024,4,albon,williams,14,20,R,0.00,0,Retired,,,NULL,
80,2024,5,max_verstappen,red_bull,1,1,1,25.00,56,Finished,1:40:52.554,1:38.406,2,199.414
81,2024,5,norris,mclaren,4,2,2,18.00,56,Finished,+13.773,1:38.751,4,
82,2024,5,perez,red_bull,2,3,3,15.00,56,Finished,+19.160,1:39.388,7,197.444
83,2024,5,leclerc,ferrari,6,4,4,12.00,56,Finished,+23.623,1:39.384,6,197.452
84,2024,5,sainz,ferrari,7,5,5,10.00,56,Finished,+33.983,1:39.764,10,196.7
85,2024,5,russell,mercedes,8,6,6,8.00,56,Finished,+38.724,1:40.112,11,196.016
86,2024,5,alonso,aston_martin,3,7,7,7.00,56,Finished,+43.414,1:37.810,1,200.629
87,2024,5,piastri,mclaren,5,8,8,4.00,56,Finished,+56.198,1:39.739,9,
88,2024,5,hamilton,mercedes,18,9,9,2.00,56,Finished,+57.986,1:40.835,14,194.61
89,2024,5,hulkenberg,haas,9,10,10,1.00,56,Finished,+1:00.476,1:40.815,13,194.649
90,2024,5,ocon,alpine,13,11,11,0.00,56,Finished,+1:02.812,1:40.937,15,194.414
91,2024,5,albon,williams,14,12,12,0.00,56,Finished,+1:05.506,1:40.790,12,194.697
92,2024,5,gasly,alpine,15,13,13,0.00,56,Finished,+1:09.223,1:39.198,5,197.822
93,2024,5,zhou,sauber,16,14,14,0.00,56,Finished,+1:11.689,1:38.633,3,198.955
94,2024,5,stroll,aston_martin,11,15,15,0.00,56,Finished,+1:22.786,1:39.444,8,197.333
95,2024,5,kevin_magnussen,haas,17,16,16,0.00,56,Finished,+1:27.533,1:41.077,18,194.145
96,2024,5,sargeant,williams,20,17,17,0.00,56,Finished,+1:35.110,1:41.000,17,194.293
97,2024,5,ricciardo,rb,12,18,R,0.00,33,Retired,,1:40.994,16,194.304
98,2024,5,tsunoda,rb,19,19,R,0.00,26,Retired,,1:41.593,20,193.158
99,2024,5,bottas,sauber,10,20,R,0.00,19,Retired,,1:41.276,19,193.763
100,2024,6,norris,mclaren,5,1,1,25.00,57,Finished,1:30:49.876,1:30.980,5,214.148
101,2024,6,max_verstappen,red_bull,1,2,2,18.00,57,Finished,+7.612,1:31.261,8,213.488
102,2024,6,leclerc,ferrari,2,3,3,15.00,57,Finished,+9.920,1:31.084,6,213.903
103,2024,6,perez,red_bull,4,4,4,12.00,57,Finished,+14.650,1:30.855,3,214.442
104,2024,6,sainz,ferrari,3,5,5,10.00,57,Finished,+16.407,1:30.928,4,214.27
105,2024,6,hamilton,mercedes,8,6,6,8.00,57,Finished,+16.585,1:31.233,7,213.554
106,2024,6,tsunoda,rb,10,7,7,6.00,57,Finished,+26.185,1:31.682,10,212.508
107,2024,6,russell,mercedes,7,8,8,4.00,57,Finished,+34.789,1:31.921,13,211.955
108,2024,6,alonso,aston_martin,15,9,9,2.00,57,Finished,+37.107,1:31.727,11,212.404
109,2024,6,ocon,alpine,13,10,10,1.00,57,Finished,+39.746,1:32.037,16,211.688
110,2024,6,hulkenberg,haas,9,11,11,0.00,57,Finished,+40.789,1:31.941,14,211.909
111,2024,6,gasly,alpine,12,12,12,0.00,57,Finished,+44.958,1:32.055,17,211.647
112,2024,6,piastri,mclaren,6,13,13,0.00,57,Finished,+49.756,1:30.634,1,214.965
113,2024,6,zhou,sauber,19,14,14,0.00,57,Finished,+49.979,1:31.991,15,211.794
114,2024,6,ricciardo,rb,20,15,15,0.00,57,Finished,+50.956,1:32.122,19,211.493
115,2024,6,bottas,sauber,16,16,16,0.00,57,Finished,+52.356,1:32.098,18,211.548
116,2024,6,stroll,aston_martin,11,17,17,0.00,57,Finished,+55.173,1:31.588,9,212.726
117,2024,6,albon,williams,14,18,18,0.00,57,Finished,+1:16.091,1:30.849,2,214.456
118,2024,6,kevin_magnussen,haas,18,19,19,0.00,57,Finished,+1:24.683,1:31.774,12,212.295
119,2024,6,sargeant,williams,17,20,R,0.00,27,Retired,,1:33.452,20,208.483
120,2024,7,max_verstappen,red_bull,1,1,1,25.00,63,Finished,1:25:25.252,1:20.366,9,219.898
121,2024,7,norris,mclaren,2,2,2,18.00,63,Finished,+0.725,1:19.994,6,220.921
122,2024,7,leclerc,ferrari,3,3,3,15.00,63,Finished,+7.916,1:19.935,5,221.084
123,2024,7,piastri,mclaren,5,4,4,12.00,63,Finished,+14.132,1:19.907,4,221.162
124,2024,7,sainz,ferrari,4,5,5,10.00,63,Finished,+22.325,1:20.220,7,220.299
125,2024,7,hamilton,mercedes,8,6,6,8.00,63,Finished,+35.104,1:20.331,8,219.994
126,2024,7,russell,mercedes,6,7,7,7.00,63,Finished,+47.154,1:18.589,1,224.871
127,2024,7,perez,red_bull,11,8,8,4.00,63,Finished,+54.776,1:19.686,3,221.775
128,2024,7,stroll,aston_martin,13,9,9,2.00,63,Finished,+1:19.556,1:20.570,10,219.342
129,2024,7,tsunoda,rb,7,10,10,1.00,62,Lapped,+17.856,1:20.936,11,218.35
130,2024,7,hulkenberg,haas,10,11,11,0.00,62,Lapped,+25.277,1:21.700,20,216.308
131,2024,7,kevin_magnussen,haas,18,12,12,0.00,62,Lapped,+26.434,1:21.009,12,218.153
132,2024,7,ricciardo,rb,9,13,13,0.00,62,Lapped,+27.661,1:21.569,19,216.655
133,2024,7,ocon,alpine,12,14,14,0.00,62,Lapped,+43.907,1:21.304,16,217.361
134,2024,7,zhou,sauber,17,15,15,0.00,62,Lapped,+44.933,1:21.016,13,218.134
135,2024,7,gasly,alpine,15,16,16,0.00,62,Lapped,+49.715,1:21.371,17,217.183
136,2024,7,sargeant,williams,19,17,17,0.00,62,Lapped,+51.051,1:21.229,14,217.562
137,2024,7,bottas,sauber,16,18,18,0.00,62,Lapped,+56.343,1:21.455,18,216.959
138,2024,7,alonso,aston_martin,20,19,19,0.00,62,Lapped,+1:15.124,1:19.004,2,223.689
139,2024,7,albon,williams,14,20,R,0.00,51,Retired,,1:21.274,15,217.442
140,2024,8,leclerc,ferrari,1,1,1,25.00,78,Finished,2:23:15.554,1:15.162,6,
141,2024,8,piastri,mclaren,2,2,2,18.00,78,Finished,+7.152,1:16.281,11,
142,2024,8,sainz,ferrari,3,3,3,15.00,78,Finished,+7.585,1:14.726,5,
143,2024,8,norris,mclaren,4,4,4,12.00,78,Finished,+8.650,1:15.742,10,
144,2024,8,russell,mercedes,5,5,5,10.00,78,Finished,+13.309,1:15.228,7,
145,2024,8,max_verstappen,red_bull,6,6,6,8.00,78,Finished,+13.853,1:14.569,2,
146,2024,8,hamilton,mercedes,7,7,7,7.00,78,Finished,+14.908,1:14.165,1,
147,2024,8,tsunoda,rb,8,8,8,4.00,77,Lapped,+39.487,1:14.720,4,
148,2024,8,albon,williams,9,9,9,2.00,77,Lapped,+54.052,1:17.060,14,
149,2024,8,gasly,alpine,10,10,10,1.00,77,Lapped,+1:00.241,1:15.625,9,
150,2024,8,alonso,aston_martin,14,11,11,0.00,76,Lapped,+3.854,1:17.939,16,
151,2024,8,ricciardo,rb,12,12,12,0.00,76,Lapped,+4.264,1:17.172,15,
152,2024,8,bottas,sauber,17,13,13,0.00,76,Lapped,+4.488,1:16.561,12,
153,2024,8,stroll,aston_martin,13,14,14,0.00,76,Lapped,+5.967,1:16.710,13,
154,2024,8,sargeant,williams,15,15,15,0.00,76,Lapped,+9.026,1:15.525,8,
155,2024,8,zhou,sauber,18,16,16,0.00,76,Lapped,+55.260,1:14.718,3,
156,2024,8,ocon,alpine,11,17,R,0.00,0,Retired,,,NULL,
157,2024,8,perez,red_bull,16,18,R,0.00,0,Retired,,,NULL,
158,2024,8,hulkenberg,haas,19,19,R,0.00,0,Retired,,,NULL,
159,2024,8,kevin_magnussen,haas,20,20,R,0.00,0,Retired,,,NULL,
160,2024,9,max_verstappen,red_bull,2,1,1,25.00,70,Finished,1:45:47.927,1:15.569,4,207.751
161,2024,9,norris,mclaren,3,2,2,18.00,70,Finished,+3.879,1:15.558,3,207.782
162,2024,9,russell,mercedes,1,3,3,15.00,70,Finished,+4.317,1:14.895,2,209.621
163,2024,9,hamilton,mercedes,7,4,4,13.00,70,Finished,+4.915,1:14.856,1,209.73
164,2024,9,piastri,mclaren,4,5,5,10.00,70,Finished,+10.199,1:16.247,5,205.904
165,2024,9,alonso,aston_martin,6,6,6,8.00,70,Finished,+17.510,1:16.303,6,205.753
166,2024,9,stroll,aston_martin,9,7,7,6.00,70,Finished,+23.625,1:16.762,9,204.523
167,2024,9,ricciardo,rb,5,8,8,4.00,70,Finished,+28.672,1:17.076,12,203.689
168,2024,9,gasly,alpine,15,9,9,2.00,70,Finished,+30.021,1:17.013,11,203.856
169,2024,9,ocon,alpine,18,10,10,1.00,70,Finished,+30.313,1:17.012,10,203.859
170,2024,9,hulkenberg,haas,17,11,11,0.00,70,Finished,+30.824,1:16.683,8,204.733
171,2024,9,kevin_magnussen,haas,14,12,12,0.00,70,Finished,+31.253,1:16.499,7,205.226
172,2024,9,bottas,sauber,19,13,13,0.00,70,Finished,+40.487,1:17.250,13,203.231
173,2024,9,tsunoda,rb,8,14,14,0.00,70,Finished,+52.694,1:17.309,14,203.075
174,2024,9,zhou,sauber,20,15,15,0.00,69,Lapped,+53.528,1:17.325,15,203.033
175,2024,9,sainz,ferrari,12,16,R,0.00,52,Retired,,1:18.957,17,198.837
176,2024,9,albon,williams,10,17,R,0.00,52,Retired,,1:19.359,18,197.83
177,2024,9,perez,red_bull,16,18,R,0.00,51,Retired,,1:18.819,16,199.185
178,2024,9,leclerc,ferrari,11,19,R,0.00,40,Retired,,1:26.012,19,182.528
179,2024,9,sargeant,williams,13,20,R,0.00,23,Retired,,1:26.484,20,181.531
180,2024,10,max_verstappen,red_bull,2,1,1,25.00,66,Finished,1:28:20.227,1:17.776,2,215.557
181,2024,10,norris,mclaren,1,2,2,19.00,66,Finished,+2.219,1:17.115,1,217.405
182,2024,10,hamilton,mercedes,3,3,3,15.00,66,Finished,+17.790,1:17.809,4,215.466
183,2024,10,russell,mercedes,4,4,4,12.00,66,Finished,+22.320,1:18.290,7,214.142
184,2024,10,leclerc,ferrari,5,5,5,10.00,66,Finished,+22.709,1:17.897,6,215.222
185,2024,10,sainz,ferrari,6,6,6,8.00,66,Finished,+31.028,1:18.539,9,213.463
186,2024,10,piastri,mclaren,9,7,7,6.00,66,Finished,+33.760,1:17.874,5,215.286
187,2024,10,perez,red_bull,11,8,8,4.00,66,Finished,+59.524,1:17.785,3,215.532
188,2024,10,gasly,alpine,7,9,9,2.00,66,Finished,+1:02.025,1:19.045,13,212.096
189,2024,10,ocon,alpine,8,10,10,1.00,66,Finished,+1:11.889,1:18.982,12,212.266
190,2024,10,hulkenberg,haas,13,11,11,0.00,66,Finished,+1:19.215,1:18.609,10,213.273
191,2024,10,alonso,aston_martin,10,12,12,0.00,65,Lapped,+9.497,1:18.334,8,214.022
192,2024,10,zhou,sauber,15,13,13,0.00,65,Lapped,+15.476,1:18.771,11,212.834
193,2024,10,stroll,aston_martin,14,14,14,0.00,65,Lapped,+25.252,1:19.318,15,211.366
194,2024,10,ricciardo,rb,18,15,15,0.00,65,Lapped,+44.050,1:19.450,17,211.015
195,2024,10,bottas,sauber,12,16,16,0.00,65,Lapped,+53.313,1:19.608,18,210.596
196,2024,10,kevin_magnussen,haas,16,17,17,0.00,65,Lapped,+54.788,1:19.805,19,210.077
197,2024,10,albon,williams,20,18,18,0.00,65,Lapped,+58.149,1:19.132,14,211.863
198,2024,10,tsunoda,rb,17,19,19,0.00,65,Lapped,+1:08.904,1:19.447,16,211.023
199,2024,10,sargeant,williams,19,20,20,0.00,64,Lapped,+4.866,1:20.172,20,209.115
200,2024,11,russell,mercedes,3,1,1,25.00,71,Finished,1:24:22.798,1:09.164,5,224.752
201,2024,11,piastri,mclaren,7,2,2,18.00,71,Finished,+1.906,1:08.697,4,226.28
202,2024,11,sainz,ferrari,4,3,3,15.00,71,Finished,+4.533,1:09.282,6,224.369
203,2024,11,hamilton,mercedes,5,4,4,12.00,71,Finished,+23.142,1:09.562,7,223.466
204,2024,11,max_verstappen,red_bull,1,5,5,10.00,71,Finished,+37.253,1:07.719,2,229.548
205,2024,11,hulkenberg,haas,9,6,6,8.00,71,Finished,+54.088,1:10.215,14,221.388
206,2024,11,perez,red_bull,8,7,7,6.00,71,Finished,+54.672,1:09.694,11,223.043
207,2024,11,kevin_magnussen,haas,12,8,8,4.00,71,Finished,+1:00.355,1:10.125,12,221.672
208,2024,11,ricciardo,rb,11,9,9,2.00,71,Finished,+1:01.169,1:10.426,18,220.725
209,2024,11,gasly,alpine,13,10,10,1.00,71,Finished,+1:01.766,1:09.609,9,223.315
210,2024,11,leclerc,ferrari,6,11,11,0.00,71,Finished,+1:07.056,1:09.584,8,223.396
211,2024,11,ocon,alpine,10,12,12,0.00,71,Finished,+1:08.325,1:09.649,10,223.187
212,2024,11,stroll,aston_martin,17,13,13,0.00,70,Lapped,+10.234,1:10.143,13,221.615
213,2024,11,tsunoda,rb,14,14,14,0.00,70,Lapped,+13.145,1:10.318,15,221.064
214,2024,11,albon,williams,16,15,15,0.00,70,Lapped,+15.866,1:10.364,16,220.919
215,2024,11,bottas,sauber,18,16,16,0.00,70,Lapped,+19.375,1:10.449,19,220.653
216,2024,11,zhou,sauber,20,17,17,0.00,70,Lapped,+44.882,1:10.470,20,220.587
217,2024,11,alonso,aston_martin,15,18,18,0.00,70,Lapped,+47.660,1:07.694,1,229.633
218,2024,11,sargeant,williams,19,19,19,0.00,69,Lapped,+6.309,1:10.406,17,220.788
219,2024,11,norris,mclaren,2,20,20,0.00,64,Lapped,,1:08.016,3,228.546
220,2024,12,hamilton,mercedes,2,1,1,25.00,52,Finished,1:22:27.059,1:29.438,5,237.12
221,2024,12,max_verstappen,red_bull,4,2,2,18.00,52,Finished,+1.465,1:28.952,3,238.416
222,2024,12,norris,mclaren,3,3,3,15.00,52,Finished,+7.547,1:29.262,4,237.588
223,2024,12,piastri,mclaren,5,4,4,12.00,52,Finished,+12.429,1:28.748,2,238.964
224,2024,12,sainz,ferrari,7,5,5,11.00,52,Finished,+47.318,1:28.293,1,240.195
225,2024,12,hulkenberg,haas,6,6,6,8.00,52,Finished,+55.722,1:29.836,10,236.07
226,2024,12,stroll,aston_martin,8,7,7,6.00,52,Finished,+56.569,1:29.897,11,235.909
227,2024,12,alonso,aston_martin,10,8,8,4.00,52,Finished,+1:03.577,1:29.710,7,236.401
228,2024,12,albon,williams,9,9,9,2.00,52,Finished,+1:08.387,1:29.718,8,236.38
229,2024,12,tsunoda,rb,13,10,10,1.00,52,Finished,+1:19.303,1:30.229,14,235.041
230,2024,12,sargeant,williams,12,11,11,0.00,52,Finished,+1:28.960,1:29.972,12,235.713
231,2024,12,kevin_magnussen,haas,17,12,12,0.00,52,Finished,+1:30.153,1:30.093,13,235.396
232,2024,12,ricciardo,rb,15,13,13,0.00,51,Lapped,+9.937,1:30.735,15,233.731
233,2024,12,leclerc,ferrari,11,14,14,0.00,51,Lapped,+40.473,1:29.748,9,236.301
234,2024,12,bottas,sauber,16,15,15,0.00,51,Lapped,+41.821,1:31.277,18,232.343
235,2024,12,ocon,alpine,18,16,16,0.00,50,Lapped,+10.682,1:30.875,16,233.371
236,2024,12,perez,red_bull,20,17,17,0.00,50,Lapped,+18.005,1:29.707,6,236.409
237,2024,12,zhou,sauber,14,18,18,0.00,50,Lapped,+54.476,1:31.014,17,233.014
238,2024,12,russell,mercedes,1,19,R,0.00,33,Retired,,1:31.298,19,232.289
239,2024,12,gasly,alpine,19,20,W,0.00,0,"Did not start",,,NULL,
240,2024,13,piastri,mclaren,2,1,1,25.00,70,Finished,1:38:01.989,1:21.716,8,193.005
241,2024,13,norris,mclaren,1,2,2,18.00,70,Finished,+2.141,1:21.712,7,193.014
242,2024,13,hamilton,mercedes,5,3,3,15.00,70,Finished,+14.880,1:22.153,9,191.978
243,2024,13,leclerc,ferrari,6,4,4,12.00,70,Finished,+19.686,1:22.182,10,191.91
244,2024,13,max_verstappen,red_bull,3,5,5,10.00,70,Finished,+21.349,1:20.908,3,194.932
245,2024,13,sainz,ferrari,4,6,6,8.00,70,Finished,+23.073,1:21.441,5,193.656
246,2024,13,perez,red_bull,16,7,7,6.00,70,Finished,+39.792,1:21.096,4,194.48
247,2024,13,russell,mercedes,17,8,8,5.00,70,Finished,+42.368,1:20.305,1,196.396
248,2024,13,tsunoda,rb,10,9,9,2.00,70,Finished,+1:17.259,1:23.533,18,188.806
249,2024,13,stroll,aston_martin,8,10,10,1.00,70,Finished,+1:17.976,1:22.338,11,191.547
250,2024,13,alonso,aston_martin,7,11,11,0.00,70,Finished,+1:22.460,1:23.063,14,189.875
251,2024,13,ricciardo,rb,9,12,12,0.00,69,Lapped,+17.924,1:22.640,12,190.847
252,2024,13,hulkenberg,haas,11,13,13,0.00,69,Lapped,+33.184,1:23.461,16,188.969
253,2024,13,albon,williams,13,14,14,0.00,69,Lapped,+36.769,1:23.930,20,187.913
254,2024,13,kevin_magnussen,haas,15,15,15,0.00,69,Lapped,+45.302,1:23.553,19,188.761
255,2024,13,bottas,sauber,12,16,16,0.00,69,Lapped,+45.409,1:22.792,13,190.496
256,2024,13,sargeant,williams,14,17,17,0.00,69,Lapped,+52.591,1:20.561,2,195.772
257,2024,13,ocon,alpine,19,18,18,0.00,69,Lapped,+1:00.929,1:21.610,6,193.255
258,2024,13,zhou,sauber,18,19,19,0.00,69,Lapped,+1:03.598,1:23.487,17,188.91
259,2024,13,gasly,alpine,20,20,R,0.00,33,Retired,,1:23.340,15,189.244
260,2024,14,hamilton,mercedes,3,1,1,25.00,44,Finished,1:19:57.566,1:46.653,6,236.415
261,2024,14,piastri,mclaren,5,2,2,18.00,44,Finished,+0.647,1:45.840,3,238.231
262,2024,14,leclerc,ferrari,1,3,3,15.00,44,Finished,+8.023,1:47.013,8,235.619
263,2024,14,max_verstappen,red_bull,11,4,4,12.00,44,Finished,+8.700,1:46.128,4,237.584
264,2024,14,norris,mclaren,4,5,5,10.00,44,Finished,+9.324,1:45.563,2,238.856
265,2024,14,sainz,ferrari,7,6,6,8.00,44,Finished,+19.269,1:46.364,5,237.057
266,2024,14,perez,red_bull,2,7,7,7.00,44,Finished,+42.669,1:44.701,1,240.822
267,2024,14,alonso,aston_martin,8,8,8,4.00,44,Finished,+49.437,1:48.051,17,233.356
268,2024,14,ocon,alpine,9,9,9,2.00,44,Finished,+52.026,1:46.957,7,235.743
269,2024,14,ricciardo,rb,13,10,10,1.00,44,Finished,+54.400,1:47.435,12,234.694
270,2024,14,stroll,aston_martin,15,11,11,0.00,44,Finished,+1:02.485,1:48.105,18,233.239
271,2024,14,albon,williams,10,12,12,0.00,44,Finished,+1:03.125,1:47.996,16,233.475
272,2024,14,gasly,alpine,12,13,13,0.00,44,Finished,+1:03.839,1:47.418,11,234.731
273,2024,14,kevin_magnussen,haas,17,14,14,0.00,44,Finished,+1:06.105,1:47.848,14,233.795
274,2024,14,bottas,sauber,14,15,15,0.00,44,Finished,+1:10.112,1:47.019,9,235.606
275,2024,14,tsunoda,rb,20,16,16,0.00,44,Finished,+1:16.211,1:47.969,15,233.533
276,2024,14,sargeant,williams,18,17,17,0.00,44,Finished,+1:25.531,1:47.490,13,234.574
277,2024,14,hulkenberg,haas,16,18,18,0.00,44,Finished,+1:28.307,1:48.954,19,231.422
278,2024,14,zhou,sauber,19,19,R,0.00,5,Retired,,1:52.099,20,224.929
279,2024,14,russell,mercedes,6,20,20,0.00,44,Disqualified,,1:47.113,10,235.399
280,2024,15,norris,mclaren,1,1,1,26.00,72,Finished,1:30:45.519,1:13.817,1,207.708
281,2024,15,max_verstappen,red_bull,2,2,2,18.00,72,Finished,+22.896,1:14.752,9,205.11
282,2024,15,leclerc,ferrari,6,3,3,15.00,72,Finished,+25.439,1:14.585,7,205.569
283,2024,15,piastri,mclaren,3,4,4,12.00,72,Finished,+27.337,1:14.237,5,206.533
284,2024,15,sainz,ferrari,10,5,5,10.00,72,Finished,+32.137,1:14.117,4,206.867
285,2024,15,perez,red_bull,5,6,6,8.00,72,Finished,+39.542,1:14.587,8,205.563
286,2024,15,russell,mercedes,4,7,7,6.00,72,Finished,+44.617,1:13.927,3,207.399
287,2024,15,hamilton,mercedes,14,8,8,4.00,72,Finished,+49.599,1:13.878,2,207.536
288,2024,15,gasly,alpine,9,9,9,2.00,71,Lapped,+8.604,1:14.855,11,204.828
289,2024,15,alonso,aston_martin,7,10,10,1.00,71,Lapped,+13.533,1:14.758,10,205.093
290,2024,15,hulkenberg,haas,12,11,11,0.00,71,Lapped,+19.214,1:15.657,18,202.656
291,2024,15,ricciardo,rb,13,12,12,0.00,71,Lapped,+21.067,1:15.222,13,203.828
292,2024,15,stroll,aston_martin,8,13,13,0.00,71,Lapped,+25.712,1:15.255,14,203.739
293,2024,15,albon,williams,19,14,14,0.00,71,Lapped,+40.711,1:14.434,6,205.986
294,2024,15,ocon,alpine,15,15,15,0.00,71,Lapped,+46.878,1:15.390,15,203.374
295,2024,15,sargeant,williams,18,16,16,0.00,71,Lapped,+1:04.539,1:15.539,16,202.973
296,2024,15,tsunoda,rb,11,17,17,0.00,71,Lapped,+1:05.146,1:15.552,17,202.938
297,2024,15,kevin_magnussen,haas,20,18,18,0.00,71,Lapped,+1:05.707,1:14.954,12,204.557
298,2024,15,bottas,sauber,16,19,19,0.00,70,Lapped,+3.248,1:15.822,20,202.215
299,2024,15,zhou,sauber,17,20,20,0.00,70,Lapped,+36.019,1:15.724,19,202.477
300,2024,16,leclerc,ferrari,4,1,1,25.00,53,Finished,1:14:40.727,1:23.226,10,250.58
301,2024,16,piastri,mclaren,2,2,2,18.00,53,Finished,+2.664,1:21.943,4,254.503
302,2024,16,norris,mclaren,1,3,3,16.00,53,Finished,+6.153,1:21.432,1,256.1
303,2024,16,sainz,ferrari,5,4,4,12.00,53,Finished,+15.621,1:23.219,9,250.601
304,2024,16,hamilton,mercedes,6,5,5,10.00,53,Finished,+22.820,1:21.512,2,255.849
305,2024,16,max_verstappen,red_bull,7,6,6,8.00,53,Finished,+37.932,1:21.745,3,255.12
306,2024,16,russell,mercedes,3,7,7,6.00,53,Finished,+39.715,1:22.036,5,254.215
307,2024,16,perez,red_bull,8,8,8,4.00,53,Finished,+54.148,1:22.971,8,251.35
308,2024,16,albon,williams,9,9,9,2.00,53,Finished,+1:07.456,1:23.918,16,248.514
309,2024,16,kevin_magnussen,haas,13,10,10,1.00,53,Finished,+1:08.302,1:23.437,12,249.946
310,2024,16,alonso,aston_martin,11,11,11,0.00,53,Finished,+1:08.495,1:22.944,7,251.432
311,2024,16,colapinto,williams,18,12,12,0.00,53,Finished,+1:21.308,1:23.728,14,249.077
312,2024,16,ricciardo,rb,12,13,13,0.00,53,Finished,+1:33.452,1:24.219,17,247.625
313,2024,16,ocon,alpine,15,14,14,0.00,52,Lapped,+12.659,1:24.343,18,247.261
314,2024,16,gasly,alpine,14,15,15,0.00,52,Lapped,+18.344,1:23.755,15,248.997
315,2024,16,bottas,sauber,19,16,16,0.00,52,Lapped,+27.211,1:23.609,13,249.432
316,2024,16,hulkenberg,haas,10,17,17,0.00,52,Lapped,+30.870,1:23.275,11,250.432
317,2024,16,zhou,sauber,20,18,18,0.00,52,Lapped,+40.055,1:25.092,19,245.085
318,2024,16,stroll,aston_martin,17,19,19,0.00,52,Lapped,+43.508,1:22.232,6,253.609
319,2024,16,tsunoda,rb,16,20,R,0.00,7,Retired,,1:26.198,20,241.94
320,2024,17,piastri,mclaren,2,1,1,25.00,51,Finished,1:32:58.007,1:47.060,9,201.856
321,2024,17,leclerc,ferrari,1,2,2,18.00,51,Finished,+10.910,1:47.067,10,201.843
322,2024,17,russell,mercedes,5,3,3,15.00,51,Finished,+31.328,1:46.628,2,202.674
323,2024,17,norris,mclaren,15,4,4,13.00,51,Finished,+36.143,1:45.255,1,205.318
324,2024,17,max_verstappen,red_bull,6,5,5,10.00,51,Finished,+1:17.098,1:46.798,3,202.352
325,2024,17,alonso,aston_martin,7,6,6,8.00,51,Finished,+1:25.468,1:47.057,8,201.862
326,2024,17,albon,williams,9,7,7,6.00,51,Finished,+1:27.396,1:46.947,5,202.07
327,2024,17,colapinto,williams,8,8,8,4.00,51,Finished,+1:29.541,1:47.274,12,201.454
328,2024,17,hamilton,mercedes,19,9,9,2.00,51,Finished,+1:32.401,1:47.236,11,201.525
329,2024,17,bearman,haas,10,10,10,1.00,51,Finished,+1:33.127,1:47.048,7,201.879
330,2024,17,hulkenberg,haas,12,11,11,0.00,51,Finished,+1:33.465,1:47.691,14,200.674
331,2024,17,gasly,alpine,18,12,12,0.00,51,Finished,+1:57.189,1:48.018,15,200.066
332,2024,17,ricciardo,rb,14,13,13,0.00,51,Finished,+2:26.907,1:48.380,17,199.398
333,2024,17,zhou,sauber,17,14,14,0.00,51,Finished,+2:28.841,1:47.644,13,200.761
334,2024,17,ocon,alpine,20,15,15,0.00,50,Lapped,+21.344,1:48.831,19,198.572
335,2024,17,bottas,sauber,16,16,16,0.00,50,Lapped,+25.395,1:48.418,18,199.328
336,2024,17,perez,red_bull,4,17,17,0.00,49,Retired,,1:47.013,6,201.945
337,2024,17,sainz,ferrari,3,18,18,0.00,49,Retired,,1:46.866,4,202.223
338,2024,17,stroll,aston_martin,13,19,19,0.00,45,Retired,,1:48.148,16,199.826
339,2024,17,tsunoda,rb,11,20,R,0.00,14,Retired,,1:50.887,20,194.89
340,2024,18,norris,mclaren,1,1,1,25.00,62,Finished,1:40:52.571,1:34.925,2,187.347
341,2024,18,max_verstappen,red_bull,2,2,2,18.00,62,Finished,+20.945,1:35.967,5,185.313
342,2024,18,piastri,mclaren,5,3,3,15.00,62,Finished,+41.823,1:35.745,4,185.743
343,2024,18,russell,mercedes,4,4,4,12.00,62,Finished,+1:01.040,1:37.047,10,183.251
344,2024,18,leclerc,ferrari,9,5,5,10.00,62,Finished,+1:02.430,1:35.371,3,186.471
345,2024,18,hamilton,mercedes,3,6,6,8.00,62,Finished,+1:25.248,1:37.393,12,182.6
346,2024,18,sainz,ferrari,10,7,7,6.00,62,Finished,+1:36.039,1:36.561,7,184.173
347,2024,18,alonso,aston_martin,7,8,8,4.00,61,Lapped,+0.873,1:37.741,18,181.95
348,2024,18,hulkenberg,haas,6,9,9,2.00,61,Lapped,+3.140,1:37.470,15,182.456
349,2024,18,perez,red_bull,13,10,10,1.00,61,Lapped,+4.624,1:37.477,16,182.443
350,2024,18,colapinto,williams,12,11,11,0.00,61,Lapped,+6.284,1:37.262,11,182.846
351,2024,18,tsunoda,rb,8,12,12,0.00,61,Lapped,+8.792,1:36.393,6,184.494
352,2024,18,ocon,alpine,15,13,13,0.00,61,Lapped,+44.005,1:37.964,20,181.536
353,2024,18,stroll,aston_martin,17,14,14,0.00,61,Lapped,+47.571,1:37.851,19,181.745
354,2024,18,zhou,sauber,20,15,15,0.00,61,Lapped,+57.220,1:37.461,14,182.472
355,2024,18,bottas,sauber,19,16,16,0.00,61,Lapped,+57.829,1:37.524,17,182.355
356,2024,18,gasly,alpine,18,17,17,0.00,61,Lapped,+59.059,1:36.927,9,183.478
357,2024,18,ricciardo,rb,16,18,18,0.00,61,Lapped,+1:29.796,1:34.486,1,188.218
358,2024,18,kevin_magnussen,haas,14,19,19,0.00,57,Retired,,1:37.425,13,182.54
359,2024,18,albon,williams,11,20,R,0.00,15,Retired,,1:36.888,8,183.552
360,2024,19,leclerc,ferrari,4,1,1,25.00,56,Finished,1:35:09.639,1:37.834,6,202.861
361,2024,19,sainz,ferrari,3,2,2,18.00,56,Finished,+8.562,1:37.763,5,203.009
362,2024,19,max_verstappen,red_bull,2,3,3,15.00,56,Finished,+19.412,1:38.117,9,202.276
363,2024,19,norris,mclaren,1,4,4,12.00,56,Finished,+20.354,1:37.679,4,203.183
364,2024,19,piastri,mclaren,5,5,5,10.00,56,Finished,+21.921,1:37.883,7,202.76
365,2024,19,russell,mercedes,20,6,6,8.00,56,Finished,+56.295,1:37.656,3,203.231
366,2024,19,perez,red_bull,9,7,7,6.00,56,Finished,+59.072,1:38.514,13,201.461
367,2024,19,hulkenberg,haas,11,8,8,4.00,56,Finished,+1:02.957,1:38.404,12,201.686
368,2024,19,lawson,rb,19,9,9,2.00,56,Finished,+1:10.563,1:38.091,8,202.33
369,2024,19,colapinto,williams,15,10,10,1.00,56,Finished,+1:11.979,1:37.611,2,203.325
370,2024,19,kevin_magnussen,haas,8,11,11,0.00,56,Finished,+1:19.782,1:38.210,10,202.085
371,2024,19,gasly,alpine,6,12,12,0.00,56,Finished,+1:30.558,1:38.311,11,201.877
372,2024,19,alonso,aston_martin,7,13,13,0.00,55,Lapped,+1.726,1:39.261,17,199.945
373,2024,19,tsunoda,rb,10,14,14,0.00,55,Lapped,+8.212,1:39.193,15,200.082
374,2024,19,stroll,aston_martin,13,15,15,0.00,55,Lapped,+16.983,1:39.214,16,200.04
375,2024,19,albon,williams,14,16,16,0.00,55,Lapped,+18.092,1:39.084,14,200.302
376,2024,19,bottas,sauber,16,17,17,0.00,55,Lapped,+34.333,1:40.575,19,197.333
377,2024,19,ocon,alpine,12,18,18,0.00,55,Lapped,+42.112,1:37.330,1,203.912
378,2024,19,zhou,sauber,18,19,19,0.00,55,Lapped,+49.240,1:39.272,18,199.923
379,2024,19,hamilton,mercedes,17,20,R,0.00,1,Retired,,,NULL,
380,2024,20,sainz,ferrari,1,1,1,25.00,71,Finished,1:40:55.800,1:20.137,7,193.348
381,2024,20,norris,mclaren,3,2,2,18.00,71,Finished,+4.705,1:19.691,4,194.43
382,2024,20,leclerc,ferrari,4,3,3,16.00,71,Finished,+34.387,1:18.336,1,197.794
383,2024,20,hamilton,mercedes,6,4,4,12.00,71,Finished,+44.780,1:20.371,8,192.785
384,2024,20,russell,mercedes,5,5,5,10.00,71,Finished,+48.536,1:20.731,11,191.926
385,2024,20,max_verstappen,red_bull,2,6,6,8.00,71,Finished,+59.558,1:20.872,13,191.591
386,2024,20,kevin_magnussen,haas,7,7,7,6.00,71,Finished,+1:03.642,1:20.637,9,192.15
387,2024,20,piastri,mclaren,17,8,8,4.00,71,Finished,+1:04.928,1:20.064,5,193.525
388,2024,20,hulkenberg,haas,10,9,9,2.00,70,Lapped,+2.720,1:20.748,12,191.885
389,2024,20,gasly,alpine,8,10,10,1.00,70,Lapped,+18.587,1:21.274,15,190.643
390,2024,20,stroll,aston_martin,14,11,11,0.00,70,Lapped,+25.072,1:21.311,16,190.557
391,2024,20,colapinto,williams,16,12,12,0.00,70,Lapped,+37.497,1:20.090,6,193.462
392,2024,20,ocon,alpine,0,13,13,0.00,70,Lapped,+39.663,1:20.659,10,192.097
393,2024,20,bottas,sauber,15,14,14,0.00,70,Lapped,+42.227,1:21.085,14,191.088
394,2024,20,zhou,sauber,19,15,15,0.00,70,Lapped,+1:01.722,1:21.553,17,189.991
395,2024,20,lawson,rb,12,16,16,0.00,70,Lapped,+1:04.466,1:19.502,3,194.893
396,2024,20,perez,red_bull,18,17,17,0.00,70,Lapped,+1:13.284,1:19.209,2,195.614
397,2024,20,alonso,aston_martin,13,18,R,0.00,15,Retired,,1:22.722,18,187.306
398,2024,20,albon,williams,9,19,R,0.00,0,Retired,,,NULL,
399,2024,20,tsunoda,rb,11,20,R,0.00,0,Retired,,,NULL,
400,2024,21,max_verstappen,red_bull,17,1,1,26.00,69,Finished,2:06:54.430,1:20.472,1,192.767
401,2024,21,ocon,alpine,4,2,2,18.00,69,Finished,+19.477,1:21.771,7,189.705
402,2024,21,gasly,alpine,13,3,3,15.00,69,Finished,+22.532,1:21.645,5,189.998
403,2024,21,russell,mercedes,2,4,4,12.00,69,Finished,+23.265,1:21.645,6,189.998
404,2024,21,leclerc,ferrari,6,5,5,10.00,69,Finished,+30.177,1:21.631,4,190.03
405,2024,21,norris,mclaren,1,6,6,8.00,69,Finished,+31.372,1:21.517,2,190.296
406,2024,21,tsunoda,rb,3,7,7,6.00,69,Finished,+42.056,1:21.828,8,189.573
407,2024,21,piastri,mclaren,8,8,8,4.00,69,Finished,+44.943,1:21.532,3,190.261
408,2024,21,lawson,rb,5,9,9,2.00,69,Finished,+50.452,1:22.123,10,188.892
409,2024,21,hamilton,mercedes,14,10,10,1.00,69,Finished,+50.753,1:22.041,9,189.081
410,2024,21,perez,red_bull,12,11,11,0.00,69,Finished,+51.531,1:22.143,11,188.846
411,2024,21,bearman,haas,15,12,12,0.00,69,Finished,+57.085,1:22.494,13,188.042
412,2024,21,bottas,sauber,11,13,13,0.00,69,Finished,+1:03.588,1:22.877,14,187.173
413,2024,21,alonso,aston_martin,9,14,14,0.00,69,Finished,+1:18.049,1:22.293,12,188.502
414,2024,21,zhou,sauber,19,15,15,0.00,69,Finished,+1:19.649,1:23.058,15,186.765
415,2024,21,sainz,ferrari,20,16,R,0.00,38,Retired,,1:24.201,16,184.23
416,2024,21,colapinto,williams,16,17,R,0.00,30,Retired,,1:24.296,17,184.022
417,2024,21,albon,williams,7,18,W,0.00,0,"Did not start",,,NULL,
418,2024,21,stroll,aston_martin,10,19,W,0.00,0,"Did not start",,,NULL,
419,2024,21,hulkenberg,haas,18,20,D,0.00,0,Disqualified,,,NULL,
420,2024,22,russell,mercedes,1,1,1,25.00,50,Finished,1:22:05.969,1:35.717,4,233.225
421,2024,22,hamilton,mercedes,10,2,2,18.00,50,Finished,+7.313,1:35.480,2,233.803
422,2024,22,sainz,ferrari,2,3,3,15.00,50,Finished,+11.906,1:35.875,5,232.84
423,2024,22,leclerc,ferrari,4,4,4,12.00,50,Finished,+14.283,1:35.674,3,233.329
424,2024,22,max_verstappen,red_bull,5,5,5,10.00,50,Finished,+16.582,1:36.248,6,231.938
425,2024,22,norris,mclaren,6,6,6,9.00,50,Finished,+43.385,1:34.876,1,235.292
426,2024,22,piastri,mclaren,8,7,7,6.00,50,Finished,+51.365,1:36.598,13,231.097
427,2024,22,hulkenberg,haas,9,8,8,4.00,50,Finished,+59.808,1:36.585,12,231.129
428,2024,22,tsunoda,rb,7,9,9,2.00,50,Finished,+1:02.808,1:36.957,16,230.242
429,2024,22,perez,red_bull,15,10,10,1.00,50,Finished,+1:03.114,1:36.326,8,231.75
430,2024,22,alonso,aston_martin,16,11,11,0.00,50,Finished,+1:09.195,1:36.553,10,231.205
431,2024,22,kevin_magnussen,haas,12,12,12,0.00,50,Finished,+1:09.803,1:36.557,11,231.196
432,2024,22,zhou,sauber,13,13,13,0.00,50,Finished,+1:14.085,1:36.324,7,231.755
433,2024,22,colapinto,williams,20,14,14,0.00,50,Finished,+1:15.172,1:36.867,15,230.456
434,2024,22,stroll,aston_martin,18,15,15,0.00,50,Finished,+1:24.102,1:37.179,18,229.716
435,2024,22,lawson,rb,14,16,16,0.00,50,Finished,+1:31.005,1:36.980,17,230.187
436,2024,22,ocon,alpine,11,17,17,0.00,49,Lapped,+2.060,1:36.511,9,231.306
437,2024,22,bottas,sauber,19,18,18,0.00,49,Lapped,+11.285,1:36.601,14,231.09
438,2024,22,albon,williams,17,19,R,0.00,25,Retired,,1:38.008,19,227.773
439,2024,22,gasly,alpine,3,20,R,0.00,15,Retired,,1:38.314,20,227.064
440,2024,23,max_verstappen,red_bull,2,1,1,25.00,57,Finished,1:31:05.323,1:22.905,2,235.31
441,2024,23,leclerc,ferrari,5,2,2,18.00,57,Finished,+6.031,1:23.242,4,234.357
442,2024,23,piastri,mclaren,4,3,3,15.00,57,Finished,+6.819,1:23.218,3,234.425
443,2024,23,russell,mercedes,1,4,4,12.00,57,Finished,+14.104,1:23.355,5,234.039
444,2024,23,gasly,alpine,11,5,5,10.00,57,Finished,+16.782,1:23.705,8,233.061
445,2024,23,sainz,ferrari,7,6,6,8.00,57,Finished,+17.476,1:23.465,6,233.731
446,2024,23,alonso,aston_martin,8,7,7,6.00,57,Finished,+19.867,1:23.667,7,233.167
447,2024,23,zhou,sauber,12,8,8,4.00,57,Finished,+25.360,1:23.889,10,232.55
448,2024,23,kevin_magnussen,haas,10,9,9,2.00,57,Finished,+32.177,1:24.259,11,231.528
449,2024,23,norris,mclaren,3,10,10,2.00,57,Finished,+35.762,1:22.384,1,236.798
450,2024,23,bottas,sauber,13,11,11,0.00,57,Finished,+50.243,1:25.533,13,228.08
451,2024,23,hamilton,mercedes,6,12,12,0.00,57,Finished,+56.122,1:23.865,9,232.616
452,2024,23,tsunoda,rb,14,13,13,0.00,57,Finished,+1:01.100,1:26.144,17,226.462
453,2024,23,lawson,rb,17,14,14,0.00,57,Finished,+1:02.656,1:26.076,16,226.641
454,2024,23,albon,williams,16,15,15,0.00,56,Lapped,+12.969,1:25.559,14,228.011
455,2024,23,hulkenberg,haas,18,16,R,0.00,39,Retired,,1:25.767,15,227.458
456,2024,23,perez,red_bull,9,17,R,0.00,38,Retired,,1:25.288,12,228.735
457,2024,23,stroll,aston_martin,15,18,R,0.00,8,Retired,,1:30.935,18,214.531
458,2024,23,colapinto,williams,19,19,R,0.00,0,Retired,,,NULL,
459,2024,23,ocon,alpine,20,20,R,0.00,0,Retired,,,NULL,
460,2024,24,norris,mclaren,1,1,1,25.00,58,Finished,1:26:33.291,1:27.438,3,217.429
461,2024,24,sainz,ferrari,3,2,2,18.00,58,Finished,+5.832,1:27.765,5,216.619
462,2024,24,leclerc,ferrari,19,3,3,15.00,58,Finished,+31.928,1:28.018,9,215.996
463,2024,24,hamilton,mercedes,16,4,4,12.00,58,Finished,+36.483,1:27.278,2,217.828
464,2024,24,russell,mercedes,6,5,5,10.00,58,Finished,+37.538,1:28.195,10,215.563
465,2024,24,max_verstappen,red_bull,4,6,6,8.00,58,Finished,+49.847,1:27.765,6,216.619
466,2024,24,gasly,alpine,5,7,7,6.00,58,Finished,+1:12.560,1:29.251,16,213.012
467,2024,24,hulkenberg,haas,7,8,8,4.00,58,Finished,+1:15.554,1:29.152,14,213.249
468,2024,24,alonso,aston_martin,8,9,9,2.00,58,Finished,+1:22.373,1:27.948,7,216.168
469,2024,24,piastri,mclaren,2,10,10,1.00,58,Finished,+1:23.821,1:27.690,4,216.804
470,2024,24,albon,williams,18,11,11,0.00,57,Lapped,+11.251,1:29.438,18,212.567
471,2024,24,tsunoda,rb,11,12,12,0.00,57,Lapped,+14.738,1:29.200,15,213.134
472,2024,24,zhou,sauber,15,13,13,0.00,57,Lapped,+17.304,1:27.982,8,216.085
473,2024,24,stroll,aston_martin,13,14,14,0.00,57,Lapped,+18.473,1:28.604,11,214.568
474,2024,24,doohan,alpine,17,15,15,0.00,57,Lapped,+26.555,1:29.121,13,213.323
475,2024,24,kevin_magnussen,haas,14,16,16,0.00,57,Lapped,+1:17.597,1:25.637,1,222.002
476,2024,24,lawson,rb,12,17,17,0.00,55,Retired,,1:28.751,12,214.212
477,2024,24,bottas,sauber,9,18,R,0.00,30,Retired,,1:29.482,19,212.462
478,2024,24,colapinto,williams,20,19,R,0.00,26,Retired,,1:29.411,17,212.631
479,2024,24,perez,red_bull,10,20,R,0.00,0,Retired,,,NULL,
480,2025,1,norris,mclaren,1,1,1,25.00,57,Finished,1:42:06.304,1:22.167,1,
481,2025,1,max_verstappen,red_bull,3,2,2,18.00,57,Finished,+0.895,1:23.081,3,
482,2025,1,russell,mercedes,4,3,3,15.00,57,Finished,+8.481,1:25.065,11,
483,2025,1,antonelli,mercedes,16,4,4,12.00,57,Finished,+10.135,1:24.901,9,
484,2025,1,albon,williams,6,5,5,10.00,57,Finished,+12.773,1:24.597,8,
485,2025,1,stroll,aston_martin,13,6,6,8.00,57,Finished,+17.413,1:25.538,14,
486,2025,1,hulkenberg,sauber,17,7,7,6.00,57,Finished,+18.423,1:25.243,12,
487,2025,1,leclerc,ferrari,7,8,8,4.00,57,Finished,+19.826,1:25.271,13,
488,2025,1,piastri,mclaren,2,9,9,2.00,57,Finished,+20.448,1:23.242,4,
489,2025,1,hamilton,ferrari,8,10,10,1.00,57,Finished,+22.473,1:24.218,7,
490,2025,1,gasly,alpine,9,11,11,0.00,57,Finished,+26.502,1:25.020,10,
491,2025,1,tsunoda,rb,5,12,12,0.00,57,Finished,+29.884,1:24.194,6,
492,2025,1,ocon,haas,19,13,13,0.00,57,Finished,+33.161,1:26.764,15,
493,2025,1,bearman,haas,20,14,14,0.00,57,Finished,+40.351,1:27.603,16,
494,2025,1,lawson,red_bull,18,15,R,0.00,46,Retired,,1:22.970,2,
495,2025,1,bortoleto,sauber,15,16,R,0.00,45,Retired,,1:24.192,5,
496,2025,1,alonso,aston_martin,12,17,R,0.00,32,Retired,,1:28.819,17,
497,2025,1,sainz,williams,10,18,R,0.00,0,Retired,,,NULL,
498,2025,1,doohan,alpine,14,19,R,0.00,0,Retired,,,NULL,
499,2025,1,hadjar,rb,11,20,R,0.00,0,Retired,,,NULL,
500,2025,2,piastri,mclaren,1,1,1,25.00,56,Finished,1:30:55.026,1:35.520,3,
501,2025,2,norris,mclaren,3,2,2,18.00,56,Finished,+9.748,1:35.454,1,
502,2025,2,russell,mercedes,2,3,3,15.00,56,Finished,+11.097,1:35.816,5,
503,2025,2,max_verstappen,red_bull,4,4,4,12.00,56,Finished,+16.656,1:35.488,2,
504,2025,2,ocon,haas,11,5,5,10.00,56,Finished,+49.969,1:35.740,4,
505,2025,2,antonelli,mercedes,8,6,6,8.00,56,Finished,+53.748,1:36.046,11,
506,2025,2,albon,williams,10,7,7,6.00,56,Finished,+56.321,1:36.254,12,
507,2025,2,bearman,haas,17,8,8,4.00,56,Finished,+1:01.303,1:36.363,13,
508,2025,2,stroll,aston_martin,14,9,9,2.00,56,Finished,+1:10.204,1:36.044,10,
509,2025,2,sainz,williams,15,10,10,1.00,56,Finished,+1:16.387,1:36.779,15,
510,2025,2,hadjar,rb,7,11,11,0.00,56,Finished,+1:18.875,1:35.868,6,
511,2025,2,lawson,red_bull,20,12,12,0.00,56,Finished,+1:21.147,1:35.985,9,
512,2025,2,doohan,alpine,18,13,13,0.00,56,Finished,+1:28.401,1:36.424,14,
513,2025,2,bortoleto,sauber,19,14,14,0.00,55,Lapped,+10.756,1:35.874,8,
514,2025,2,hulkenberg,sauber,12,15,15,0.00,55,Lapped,+20.226,1:37.275,16,
515,2025,2,tsunoda,rb,9,16,16,0.00,55,Lapped,+23.511,1:35.871,7,
516,2025,2,alonso,aston_martin,13,17,R,0.00,4,Retired,,1:39.256,17,
517,2025,2,leclerc,ferrari,6,18,D,0.00,0,Disqualified,,,NULL,
518,2025,2,hamilton,ferrari,5,19,D,0.00,0,Disqualified,,,NULL,
519,2025,2,gasly,alpine,16,20,D,0.00,0,Disqualified,,,NULL,
520,2025,3,max_verstappen,red_bull,1,1,1,25.00,53,Finished,1:22:06.983,1:31.041,3,
521,2025,3,norris,mclaren,2,2,2,18.00,53,Finished,+1.423,1:31.116,5,
522,2025,3,piastri,mclaren,3,3,3,15.00,53,Finished,+2.129,1:31.039,2,
523,2025,3,leclerc,ferrari,4,4,4,12.00,53,Finished,+16.097,1:31.469,10,
524,2025,3,russell,mercedes,5,5,5,10.00,53,Finished,+17.362,1:31.357,8,
525,2025,3,antonelli,mercedes,6,6,6,8.00,53,Finished,+18.671,1:30.965,1,
526,2025,3,hamilton,ferrari,8,7,7,6.00,53,Finished,+29.182,1:31.406,9,
527,2025,3,hadjar,rb,7,8,8,4.00,53,Finished,+37.134,1:31.317,7,
528,2025,3,albon,williams,9,9,9,2.00,53,Finished,+40.367,1:31.125,6,
529,2025,3,bearman,haas,10,10,10,1.00,53,Finished,+54.529,1:32.006,15,
530,2025,3,alonso,aston_martin,12,11,11,0.00,53,Finished,+57.333,1:31.770,11,
531,2025,3,tsunoda,red_bull,14,12,12,0.00,53,Finished,+58.401,1:31.871,13,
532,2025,3,gasly,alpine,11,13,13,0.00,53,Finished,+1:02.122,1:31.820,12,
533,2025,3,sainz,williams,15,14,14,0.00,53,Finished,+1:14.129,1:31.106,4,
534,2025,3,doohan,alpine,19,15,15,0.00,53,Finished,+1:21.314,1:32.685,20,
535,2025,3,hulkenberg,sauber,16,16,16,0.00,53,Finished,+1:21.957,1:32.572,19,
536,2025,3,lawson,rb,13,17,17,0.00,53,Finished,+1:22.734,1:32.043,17,
537,2025,3,ocon,haas,18,18,18,0.00,53,Finished,+1:23.438,1:31.967,14,
538,2025,3,bortoleto,sauber,17,19,19,0.00,53,Finished,+1:23.897,1:32.034,16,
539,2025,3,stroll,aston_martin,20,20,20,0.00,52,Lapped,+12.929,1:32.052,18,
540,2025,4,piastri,mclaren,1,1,1,25.00,57,Finished,1:35:39.435,1:35.140,1,
541,2025,4,russell,mercedes,3,2,2,18.00,57,Finished,+15.499,1:35.518,2,
542,2025,4,norris,mclaren,6,3,3,15.00,57,Finished,+16.273,1:35.728,3,
543,2025,4,leclerc,ferrari,2,4,4,12.00,57,Finished,+19.679,1:36.132,4,
544,2025,4,hamilton,ferrari,9,5,5,10.00,57,Finished,+27.993,1:36.235,6,
545,2025,4,max_verstappen,red_bull,7,6,6,8.00,57,Finished,+34.395,1:36.167,5,
546,2025,4,gasly,alpine,4,7,7,6.00,57,Finished,+36.002,1:36.531,7,
547,2025,4,ocon,haas,14,8,8,4.00,57,Finished,+44.244,1:37.098,12,
548,2025,4,tsunoda,red_bull,10,9,9,2.00,57,Finished,+45.061,1:37.225,14,
549,2025,4,bearman,haas,20,10,10,1.00,57,Finished,+47.594,1:37.303,15,
550,2025,4,antonelli,mercedes,5,11,11,0.00,57,Finished,+48.016,1:36.690,9,
551,2025,4,albon,williams,15,12,12,0.00,57,Finished,+48.839,1:37.141,13,
552,2025,4,hadjar,rb,12,13,13,0.00,57,Finished,+56.314,1:36.952,10,
553,2025,4,doohan,alpine,11,14,14,0.00,57,Finished,+57.806,1:36.682,8,
554,2025,4,alonso,aston_martin,13,15,15,0.00,57,Finished,+1:00.340,1:37.906,17,
555,2025,4,lawson,rb,17,16,16,0.00,57,Finished,+1:04.435,1:37.380,16,
556,2025,4,stroll,aston_martin,19,17,17,0.00,57,Finished,+1:05.489,1:38.064,19,
557,2025,4,bortoleto,sauber,18,18,18,0.00,57,Finished,+1:06.872,1:38.006,18,
558,2025,4,sainz,williams,8,19,R,0.00,45,Retired,,1:36.954,11,
559,2025,4,hulkenberg,sauber,16,20,D,0.00,0,Disqualified,,,NULL,
560,2025,5,piastri,mclaren,2,1,1,25.00,50,Finished,1:21:06.758,1:32.228,3,
561,2025,5,max_verstappen,red_bull,1,2,2,18.00,50,Finished,+2.843,1:32.280,4,
562,2025,5,leclerc,ferrari,4,3,3,15.00,50,Finished,+8.104,1:32.192,2,
563,2025,5,norris,mclaren,10,4,4,12.00,50,Finished,+9.196,1:31.778,1,
564,2025,5,russell,mercedes,3,5,5,10.00,50,Finished,+27.236,1:32.893,9,
565,2025,5,antonelli,mercedes,5,6,6,8.00,50,Finished,+34.688,1:32.396,5,
566,2025,5,hamilton,ferrari,7,7,7,6.00,50,Finished,+39.073,1:32.600,7,
567,2025,5,sainz,williams,6,8,8,4.00,50,Finished,+1:04.630,1:32.466,6,
568,2025,5,albon,williams,11,9,9,2.00,50,Finished,+1:06.515,1:33.477,16,
569,2025,5,hadjar,rb,14,10,10,1.00,50,Finished,+1:07.091,1:33.257,14,
570,2025,5,alonso,aston_martin,13,11,11,0.00,50,Finished,+1:15.917,1:33.009,11,
571,2025,5,lawson,rb,12,12,12,0.00,50,Finished,+1:18.451,1:32.998,10,
572,2025,5,bearman,haas,15,13,13,0.00,50,Finished,+1:19.194,1:33.238,13,
573,2025,5,ocon,haas,19,14,14,0.00,50,Finished,+1:39.723,1:34.309,17,
574,2025,5,hulkenberg,sauber,18,15,15,0.00,49,Lapped,+4.609,1:33.446,15,
575,2025,5,stroll,aston_martin,16,16,16,0.00,49,Lapped,+5.527,1:32.745,8,
576,2025,5,doohan,alpine,17,17,17,0.00,49,Lapped,+19.264,1:33.150,12,
577,2025,5,bortoleto,sauber,20,18,18,0.00,49,Lapped,+19.306,1:34.447,18,
578,2025,5,tsunoda,red_bull,8,19,R,0.00,1,Retired,,,NULL,
579,2025,5,gasly,alpine,9,20,R,0.00,0,Retired,,,NULL,
580,2025,6,piastri,mclaren,4,1,1,25.00,57,Finished,1:28:51.587,1:29.822,2,
581,2025,6,norris,mclaren,2,2,2,18.00,57,Finished,+4.630,1:29.746,1,
582,2025,6,russell,mercedes,5,3,3,15.00,57,Finished,+37.644,1:30.318,3,
583,2025,6,max_verstappen,red_bull,1,4,4,12.00,57,Finished,+39.956,1:30.466,5,
584,2025,6,albon,williams,7,5,5,10.00,57,Finished,+48.067,1:30.482,6,
585,2025,6,antonelli,mercedes,3,6,6,8.00,57,Finished,+55.502,1:30.795,9,
586,2025,6,leclerc,ferrari,8,7,7,6.00,57,Finished,+57.036,1:30.461,4,
587,2025,6,hamilton,ferrari,12,8,8,4.00,57,Finished,+1:00.186,1:30.562,7,
588,2025,6,sainz,williams,6,9,9,2.00,57,Finished,+1:00.577,1:30.703,8,
589,2025,6,tsunoda,red_bull,10,10,10,1.00,57,Finished,+1:14.434,1:30.964,10,
590,2025,6,hadjar,rb,11,11,11,0.00,57,Finished,+1:14.602,1:30.971,11,
591,2025,6,ocon,haas,9,12,12,0.00,57,Finished,+1:22.006,1:31.122,13,
592,2025,6,gasly,alpine,20,13,13,0.00,57,Finished,+1:30.445,1:31.159,14,
593,2025,6,hulkenberg,sauber,16,14,14,0.00,56,Lapped,+1.155,1:31.015,12,
594,2025,6,alonso,aston_martin,17,15,15,0.00,56,Lapped,+20.979,1:31.287,15,
595,2025,6,stroll,aston_martin,18,16,16,0.00,56,Lapped,+25.162,1:31.769,16,
596,2025,6,lawson,rb,15,17,R,0.00,36,Retired,,1:31.770,17,
597,2025,6,bortoleto,sauber,13,18,R,0.00,30,Retired,,1:32.328,18,
598,2025,6,bearman,haas,19,19,R,0.00,27,Retired,,1:32.680,19,
599,2025,6,doohan,alpine,14,20,R,0.00,0,Retired,,,NULL,
600,2025,7,max_verstappen,red_bull,2,1,1,25.00,63,Finished,1:31:33.199,1:17.988,1,
601,2025,7,norris,mclaren,4,2,2,18.00,63,Finished,+6.109,1:18.311,4,
602,2025,7,piastri,mclaren,1,3,3,15.00,63,Finished,+12.956,1:18.894,5,
603,2025,7,hamilton,ferrari,12,4,4,12.00,63,Finished,+14.356,1:18.265,2,
604,2025,7,albon,williams,7,5,5,10.00,63,Finished,+17.945,1:18.289,3,
605,2025,7,leclerc,ferrari,11,6,6,8.00,63,Finished,+20.774,1:19.048,6,
606,2025,7,russell,mercedes,3,7,7,6.00,63,Finished,+22.034,1:19.733,9,
607,2025,7,sainz,williams,6,8,8,4.00,63,Finished,+22.898,1:19.836,10,
608,2025,7,hadjar,rb,9,9,9,2.00,63,Finished,+23.586,1:19.473,7,
609,2025,7,tsunoda,red_bull,20,10,10,1.00,63,Finished,+26.446,1:20.039,12,
610,2025,7,alonso,aston_martin,5,11,11,0.00,63,Finished,+27.250,1:19.894,11,
611,2025,7,hulkenberg,sauber,17,12,12,0.00,63,Finished,+30.296,1:20.401,15,
612,2025,7,gasly,alpine,10,13,13,0.00,63,Finished,+31.424,1:20.398,14,
613,2025,7,lawson,rb,15,14,14,0.00,63,Finished,+32.511,1:20.473,16,
614,2025,7,stroll,aston_martin,8,15,15,0.00,63,Finished,+32.993,1:20.501,17,
615,2025,7,colapinto,alpine,16,16,16,0.00,63,Finished,+33.411,1:20.345,13,
616,2025,7,bearman,haas,19,17,17,0.00,63,Finished,+33.808,1:19.521,8,
617,2025,7,bortoleto,sauber,14,18,18,0.00,63,Finished,+38.572,1:20.630,19,
618,2025,7,antonelli,mercedes,13,19,R,0.00,44,Retired,,1:20.620,18,
619,2025,7,ocon,haas,18,20,R,0.00,27,Retired,,1:21.413,20,
620,2025,8,norris,mclaren,1,1,1,25.00,78,Finished,1:40:33.843,1:13.221,1,
621,2025,8,leclerc,ferrari,2,2,2,18.00,78,Finished,+3.131,1:14.055,6,
622,2025,8,piastri,mclaren,3,3,3,15.00,78,Finished,+3.658,1:13.745,4,
623,2025,8,max_verstappen,red_bull,4,4,4,12.00,78,Finished,+20.572,1:14.230,8,
624,2025,8,hamilton,ferrari,7,5,5,10.00,78,Finished,+51.387,1:14.090,7,
625,2025,8,hadjar,rb,5,6,6,8.00,77,Lapped,+1:05.082,1:15.981,19,
626,2025,8,ocon,haas,8,7,7,6.00,77,Lapped,+1:06.029,1:15.157,14,
627,2025,8,lawson,rb,9,8,8,4.00,77,Lapped,+1:06.746,1:15.321,17,
628,2025,8,albon,williams,10,9,9,2.00,76,Lapped,+11.869,1:14.597,9,
629,2025,8,sainz,williams,11,10,10,1.00,76,Lapped,+15.232,1:13.988,5,
630,2025,8,russell,mercedes,14,11,11,0.00,76,Lapped,+33.844,1:13.405,2,
631,2025,8,bearman,haas,20,12,12,0.00,76,Lapped,+54.693,1:14.855,10,
632,2025,8,colapinto,alpine,18,13,13,0.00,76,Lapped,+57.114,1:15.298,16,
633,2025,8,bortoleto,sauber,16,14,14,0.00,76,Lapped,+1:08.424,1:14.884,12,
634,2025,8,stroll,aston_martin,19,15,15,0.00,76,Lapped,+1:10.395,1:14.877,11,
635,2025,8,hulkenberg,sauber,13,16,16,0.00,76,Lapped,+1:11.544,1:15.223,15,
636,2025,8,tsunoda,red_bull,12,17,17,0.00,76,Lapped,+1:11.849,1:14.913,13,
637,2025,8,antonelli,mercedes,15,18,18,0.00,75,Lapped,+8.409,1:13.518,3,
638,2025,8,alonso,aston_martin,6,19,R,0.00,36,Retired,,1:15.593,18,
639,2025,8,gasly,alpine,17,20,R,0.00,7,Retired,,1:18.054,20,
640,2025,9,piastri,mclaren,1,1,1,25.00,66,Finished,1:32:57.375,1:15.743,1,
641,2025,9,norris,mclaren,2,2,2,18.00,66,Finished,+2.471,1:16.187,2,
642,2025,9,leclerc,ferrari,7,3,3,15.00,66,Finished,+10.455,1:17.259,5,
643,2025,9,russell,mercedes,4,4,4,12.00,66,Finished,+11.359,1:17.244,4,
644,2025,9,hulkenberg,sauber,15,5,5,10.00,66,Finished,+13.648,1:17.575,6,
645,2025,9,hamilton,ferrari,5,6,6,8.00,66,Finished,+15.508,1:17.706,7,
646,2025,9,hadjar,rb,9,7,7,6.00,66,Finished,+16.022,1:17.770,8,
647,2025,9,gasly,alpine,8,8,8,4.00,66,Finished,+17.882,1:17.896,9,
648,2025,9,alonso,aston_martin,10,9,9,2.00,66,Finished,+21.564,1:18.128,11,
649,2025,9,max_verstappen,red_bull,3,10,10,1.00,66,Finished,+21.826,1:17.019,3,
650,2025,9,lawson,rb,13,11,11,0.00,66,Finished,+25.532,1:19.424,18,
651,2025,9,bortoleto,sauber,12,12,12,0.00,66,Finished,+25.996,1:18.297,13,
652,2025,9,tsunoda,red_bull,19,13,13,0.00,66,Finished,+28.822,1:17.998,10,
653,2025,9,sainz,williams,17,14,14,0.00,66,Finished,+29.309,1:19.317,17,
654,2025,9,colapinto,alpine,18,15,15,0.00,66,Finished,+31.381,1:18.353,14,
655,2025,9,ocon,haas,16,16,16,0.00,66,Finished,+32.197,1:18.624,15,
656,2025,9,bearman,haas,14,17,17,0.00,66,Finished,+37.065,1:18.907,16,
657,2025,9,antonelli,mercedes,6,18,R,0.00,53,Retired,,1:18.255,12,
658,2025,9,albon,williams,11,19,R,0.00,27,Retired,,1:20.508,19,
659,2025,10,russell,mercedes,1,1,1,25.00,70,Finished,1:31:52.688,1:14.119,1,
660,2025,10,max_verstappen,red_bull,2,2,2,18.00,70,Finished,+0.228,1:14.287,5,
661,2025,10,antonelli,mercedes,4,3,3,15.00,70,Finished,+1.014,1:14.455,7,
662,2025,10,piastri,mclaren,3,4,4,12.00,70,Finished,+2.109,1:14.255,3,
663,2025,10,leclerc,ferrari,8,5,5,10.00,70,Finished,+3.442,1:14.261,4,
664,2025,10,hamilton,ferrari,5,6,6,8.00,70,Finished,+10.713,1:14.805,9,
665,2025,10,alonso,aston_martin,6,7,7,6.00,70,Finished,+10.972,1:15.024,12,
666,2025,10,hulkenberg,sauber,11,8,8,4.00,70,Finished,+15.364,1:15.372,14,
667,2025,10,ocon,haas,14,9,9,2.00,69,Lapped,+1.473,1:14.593,8,
668,2025,10,sainz,williams,16,10,10,1.00,69,Lapped,+1.886,1:14.389,6,
669,2025,10,bearman,haas,13,11,11,0.00,69,Lapped,+3.717,1:15.397,15,
670,2025,10,tsunoda,red_bull,18,12,12,0.00,69,Lapped,+5.456,1:15.358,13,
671,2025,10,colapinto,alpine,10,13,13,0.00,69,Lapped,+7.018,1:16.076,17,
672,2025,10,bortoleto,sauber,15,14,14,0.00,69,Lapped,+7.879,1:15.414,16,
673,2025,10,gasly,alpine,20,15,15,0.00,69,Lapped,+7.950,1:14.993,11,
674,2025,10,hadjar,rb,12,16,16,0.00,69,Lapped,+8.737,1:16.292,19,
675,2025,10,stroll,aston_martin,17,17,17,0.00,69,Lapped,+9.063,1:14.902,10,
676,2025,10,norris,mclaren,7,18,18,0.00,66,Retired,,1:14.229,2,
677,2025,10,lawson,rb,19,19,R,0.00,53,Retired,,1:16.320,20,
678,2025,10,albon,williams,9,20,R,0.00,46,Retired,,1:16.197,18,
679,2025,11,norris,mclaren,1,1,1,25.00,70,Finished,1:23:47.693,1:08.272,2,
680,2025,11,piastri,mclaren,3,2,2,18.00,70,Finished,+2.695,1:07.924,1,
681,2025,11,leclerc,ferrari,2,3,3,15.00,70,Finished,+19.820,1:08.765,4,
682,2025,11,hamilton,ferrari,4,4,4,12.00,70,Finished,+29.020,1:08.628,3,
683,2025,11,russell,mercedes,5,5,5,10.00,70,Finished,+1:02.396,1:09.372,7,
684,2025,11,lawson,rb,6,6,6,8.00,70,Finished,+1:07.754,1:09.977,14,
685,2025,11,alonso,aston_martin,11,7,7,6.00,69,Lapped,+1.437,1:09.935,12,
686,2025,11,bortoleto,sauber,8,8,8,4.00,69,Lapped,+1.952,1:09.247,6,
687,2025,11,hulkenberg,sauber,20,9,9,2.00,69,Lapped,+7.720,1:09.459,8,
688,2025,11,ocon,haas,17,10,10,1.00,69,Lapped,+9.986,1:09.550,9,
689,2025,11,bearman,haas,15,11,11,0.00,69,Lapped,+24.854,1:09.960,13,
690,2025,11,hadjar,rb,13,12,12,0.00,69,Lapped,+27.957,1:10.204,16,
691,2025,11,gasly,alpine,10,13,13,0.00,69,Lapped,+33.055,1:10.151,15,
692,2025,11,stroll,aston_martin,16,14,14,0.00,69,Lapped,+34.462,1:09.214,5,
693,2025,11,colapinto,alpine,14,15,15,0.00,69,Lapped,+42.692,1:09.621,10,
694,2025,11,tsunoda,red_bull,18,16,16,0.00,68,Lapped,+2.979,1:09.802,11,
695,2025,11,albon,williams,12,17,R,0.00,15,Retired,,1:10.641,17,
696,2025,11,max_verstappen,red_bull,7,18,R,0.00,0,Retired,,,NULL,
697,2025,11,antonelli,mercedes,9,19,R,0.00,0,Retired,,,NULL,
698,2025,11,sainz,williams,19,20,W,0.00,0,"Did not start",,,NULL,
699,2025,12,norris,mclaren,3,1,1,25.00,52,Finished,1:37:15.735,1:29.734,2,
700,2025,12,piastri,mclaren,2,2,2,18.00,52,Finished,+6.812,1:29.337,1,
701,2025,12,hulkenberg,sauber,19,3,3,15.00,52,Finished,+34.742,1:30.933,14,
702,2025,12,hamilton,ferrari,5,4,4,12.00,52,Finished,+39.812,1:30.016,3,
703,2025,12,max_verstappen,red_bull,1,5,5,10.00,52,Finished,+56.781,1:30.179,5,
704,2025,12,gasly,alpine,8,6,6,8.00,52,Finished,+59.857,1:30.751,8,
705,2025,12,stroll,aston_martin,17,7,7,6.00,52,Finished,+1:00.603,1:32.088,15,
706,2025,12,albon,williams,13,8,8,4.00,52,Finished,+1:04.135,1:30.047,4,
707,2025,12,alonso,aston_martin,7,9,9,2.00,52,Finished,+1:05.858,1:30.353,6,
708,2025,12,russell,mercedes,4,10,10,1.00,52,Finished,+1:10.674,1:30.869,11,
709,2025,12,bearman,haas,18,11,11,0.00,52,Finished,+1:12.095,1:30.921,13,
710,2025,12,sainz,williams,9,12,12,0.00,52,Finished,+1:16.592,1:30.645,7,
711,2025,12,ocon,haas,14,13,13,0.00,52,Finished,+1:17.301,1:30.818,9,
712,2025,12,leclerc,ferrari,6,14,14,0.00,52,Finished,+1:24.477,1:30.819,10,
713,2025,12,tsunoda,red_bull,11,15,15,0.00,51,Lapped,+32.250,1:30.873,12,
714,2025,12,antonelli,mercedes,10,16,R,0.00,23,Retired,,1:45.576,17,
715,2025,12,hadjar,rb,12,17,R,0.00,17,Retired,,1:41.705,16,
716,2025,12,bortoleto,sauber,16,18,R,0.00,3,Retired,,2:16.121,18,
717,2025,12,lawson,rb,15,19,R,0.00,0,Retired,,,NULL,
718,2025,12,colapinto,alpine,20,20,W,0.00,0,"Did not start",,,NULL,
719,2025,13,piastri,mclaren,2,1,1,25.00,44,Finished,1:25:22.601,1:45.706,4,
720,2025,13,norris,mclaren,1,2,2,18.00,44,Finished,+3.415,1:45.257,3,
721,2025,13,leclerc,ferrari,3,3,3,15.00,44,Finished,+20.185,1:46.174,9,
722,2025,13,max_verstappen,red_bull,4,4,4,12.00,44,Finished,+21.731,1:46.096,7,
723,2025,13,russell,mercedes,6,5,5,10.00,44,Finished,+34.863,1:46.566,11,
724,2025,13,albon,williams,5,6,6,8.00,44,Finished,+39.926,1:46.813,15,
725,2025,13,hamilton,ferrari,18,7,7,6.00,44,Finished,+40.679,1:46.534,10,
726,2025,13,lawson,rb,9,8,8,4.00,44,Finished,+52.033,1:46.649,12,
727,2025,13,bortoleto,sauber,10,9,9,2.00,44,Finished,+56.434,1:46.966,16,
728,2025,13,gasly,alpine,13,10,10,1.00,44,Finished,+1:12.714,1:47.177,17,
729,2025,13,bearman,haas,12,11,11,0.00,44,Finished,+1:13.145,1:46.709,13,
730,2025,13,hulkenberg,sauber,14,12,12,0.00,44,Finished,+1:13.628,1:45.068,2,
731,2025,13,tsunoda,red_bull,7,13,13,0.00,44,Finished,+1:15.395,1:47.241,19,
732,2025,13,stroll,aston_martin,16,14,14,0.00,44,Finished,+1:19.831,1:47.212,18,
733,2025,13,ocon,haas,11,15,15,0.00,44,Finished,+1:26.063,1:46.744,14,
734,2025,13,antonelli,mercedes,19,16,16,0.00,44,Finished,+1:26.721,1:44.861,1,
735,2025,13,alonso,aston_martin,20,17,17,0.00,44,Finished,+1:27.924,1:45.849,5,
736,2025,13,sainz,williams,17,18,18,0.00,44,Finished,+1:32.024,1:46.073,6,
737,2025,13,colapinto,alpine,15,19,19,0.00,44,Finished,+1:35.250,1:46.104,8,
738,2025,13,hadjar,rb,8,20,20,0.00,43,Lapped,+12.942,1:47.667,20,
739,2025,14,norris,mclaren,3,1,1,25.00,70,Finished,1:35:21.231,1:19.918,5,
740,2025,14,piastri,mclaren,2,2,2,18.00,70,Finished,+0.698,1:19.412,2,
741,2025,14,russell,mercedes,4,3,3,15.00,70,Finished,+21.916,1:19.409,1,
742,2025,14,leclerc,ferrari,1,4,4,12.00,70,Finished,+42.560,1:20.440,9,
743,2025,14,alonso,aston_martin,5,5,5,10.00,70,Finished,+59.040,1:20.113,8,
744,2025,14,bortoleto,sauber,7,6,6,8.00,70,Finished,+1:06.169,1:20.705,11,
745,2025,14,stroll,aston_martin,6,7,7,6.00,70,Finished,+1:08.174,1:20.708,12,
746,2025,14,lawson,rb,9,8,8,4.00,70,Finished,+1:09.451,1:20.457,10,
747,2025,14,max_verstappen,red_bull,8,9,9,2.00,70,Finished,+1:12.645,1:19.576,3,
748,2025,14,antonelli,mercedes,15,10,10,1.00,69,Lapped,+7.649,1:20.745,13,
749,2025,14,hadjar,rb,10,11,11,0.00,69,Lapped,+8.500,1:20.802,15,
750,2025,14,hamilton,ferrari,12,12,12,0.00,69,Lapped,+9.861,1:20.022,7,
751,2025,14,hulkenberg,sauber,18,13,13,0.00,69,Lapped,+31.268,1:20.013,6,
752,2025,14,sainz,williams,13,14,14,0.00,69,Lapped,+33.326,1:19.790,4,
753,2025,14,albon,williams,19,15,15,0.00,69,Lapped,+38.111,1:20.779,14,
754,2025,14,ocon,haas,17,16,16,0.00,69,Lapped,+45.258,1:21.916,19,
755,2025,14,tsunoda,red_bull,20,17,17,0.00,69,Lapped,+46.943,1:21.180,17,
756,2025,14,colapinto,alpine,14,18,18,0.00,69,Lapped,+47.370,1:20.827,16,
757,2025,14,gasly,alpine,16,19,19,0.00,69,Lapped,+56.344,1:21.433,18,
758,2025,14,bearman,haas,11,20,R,0.00,48,Retired,,1:21.989,20,
759,2025,15,piastri,mclaren,1,1,1,25.00,72,Finished,1:38:29.849,1:12.271,1,
760,2025,15,max_verstappen,red_bull,3,2,2,18.00,72,Finished,+1.271,1:12.921,3,
761,2025,15,hadjar,rb,4,3,3,15.00,72,Finished,+3.233,1:13.327,5,
762,2025,15,russell,mercedes,5,4,4,12.00,72,Finished,+5.654,1:13.728,9,
763,2025,15,albon,williams,15,5,5,10.00,72,Finished,+6.327,1:13.687,7,
764,2025,15,bearman,haas,20,6,6,8.00,72,Finished,+9.044,1:13.950,13,
765,2025,15,stroll,aston_martin,19,7,7,6.00,72,Finished,+9.497,1:13.822,11,
766,2025,15,alonso,aston_martin,10,8,8,4.00,72,Finished,+11.709,1:13.719,8,
767,2025,15,tsunoda,red_bull,12,9,9,2.00,72,Finished,+13.597,1:14.354,16,
768,2025,15,ocon,haas,18,10,10,1.00,72,Finished,+14.063,1:13.986,14,
769,2025,15,colapinto,alpine,16,11,11,0.00,72,Finished,+14.511,1:13.049,4,
770,2025,15,lawson,rb,8,12,12,0.00,72,Finished,+17.063,1:13.879,12,
771,2025,15,sainz,williams,9,13,13,0.00,72,Finished,+17.376,1:13.808,10,
772,2025,15,hulkenberg,sauber,17,14,14,0.00,72,Finished,+19.725,1:14.912,18,
773,2025,15,bortoleto,sauber,13,15,15,0.00,72,Finished,+21.565,1:14.307,15,
774,2025,15,antonelli,mercedes,11,16,16,0.00,72,Finished,+22.029,1:13.480,6,
775,2025,15,gasly,alpine,14,17,17,0.00,72,Finished,+23.629,1:15.248,19,
776,2025,15,norris,mclaren,2,18,18,0.00,64,Retired,,1:12.379,2,
777,2025,15,leclerc,ferrari,6,19,R,0.00,52,Retired,,1:14.557,17,
778,2025,15,hamilton,ferrari,7,20,R,0.00,22,Retired,,1:15.684,20,
779,2025,16,max_verstappen,red_bull,1,1,1,25.00,53,Finished,1:13:24.325,1:21.003,2,
780,2025,16,norris,mclaren,2,2,2,18.00,53,Finished,+19.207,1:20.901,1,
781,2025,16,piastri,mclaren,3,3,3,15.00,53,Finished,+21.351,1:21.245,3,
782,2025,16,leclerc,ferrari,4,4,4,12.00,53,Finished,+25.624,1:21.294,4,
783,2025,16,russell,mercedes,5,5,5,10.00,53,Finished,+32.881,1:21.800,8,
784,2025,16,hamilton,ferrari,10,6,6,8.00,53,Finished,+37.449,1:21.546,6,
785,2025,16,albon,williams,14,7,7,6.00,53,Finished,+50.537,1:21.368,5,
786,2025,16,bortoleto,sauber,7,8,8,4.00,53,Finished,+58.484,1:22.139,12,
787,2025,16,antonelli,mercedes,6,9,9,2.00,53,Finished,+59.762,1:21.968,10,
788,2025,16,hadjar,rb,19,10,10,1.00,53,Finished,+1:03.891,1:22.133,11,
789,2025,16,sainz,williams,13,11,11,0.00,53,Finished,+1:04.469,1:21.740,7,
790,2025,16,bearman,haas,11,12,12,0.00,53,Finished,+1:19.288,1:21.820,9,
791,2025,16,tsunoda,red_bull,9,13,13,0.00,53,Finished,+1:20.701,1:22.712,16,
792,2025,16,lawson,rb,18,14,14,0.00,53,Finished,+1:22.351,1:22.777,17,
793,2025,16,ocon,haas,15,15,15,0.00,52,Lapped,+2.135,1:22.892,18,
794,2025,16,gasly,alpine,20,16,16,0.00,52,Lapped,+5.837,1:22.185,14,
795,2025,16,colapinto,alpine,17,17,17,0.00,52,Lapped,+7.448,1:22.239,15,
796,2025,16,stroll,aston_martin,16,18,18,0.00,52,Lapped,+9.301,1:22.164,13,
797,2025,16,alonso,aston_martin,8,19,R,0.00,24,Retired,,1:23.757,19,
798,2025,16,hulkenberg,sauber,12,20,W,0.00,0,"Did not start",,,NULL,
799,2025,17,max_verstappen,red_bull,1,1,1,25.00,51,Finished,1:33:26.408,1:43.388,1,
800,2025,17,russell,mercedes,5,2,2,18.00,51,Finished,+14.609,1:43.754,2,
801,2025,17,sainz,williams,2,3,3,15.00,51,Finished,+19.199,1:43.972,4,
802,2025,17,antonelli,mercedes,4,4,4,12.00,51,Finished,+21.760,1:44.091,6,
803,2025,17,lawson,rb,3,5,5,10.00,51,Finished,+33.290,1:44.531,13,
804,2025,17,tsunoda,red_bull,6,6,6,8.00,51,Finished,+33.808,1:44.434,12,
805,2025,17,norris,mclaren,7,7,7,6.00,51,Finished,+34.227,1:44.155,8,
806,2025,17,hamilton,ferrari,12,8,8,4.00,51,Finished,+36.310,1:43.977,5,
807,2025,17,leclerc,ferrari,10,9,9,2.00,51,Finished,+36.774,1:44.274,9,
808,2025,17,hadjar,rb,8,10,10,1.00,51,Finished,+38.982,1:43.884,3,
809,2025,17,bortoleto,sauber,13,11,11,0.00,51,Finished,+1:07.606,1:44.930,14,
810,2025,17,bearman,haas,15,12,12,0.00,51,Finished,+1:08.262,1:44.288,10,
811,2025,17,albon,williams,19,13,13,0.00,51,Finished,+1:12.870,1:44.152,7,
812,2025,17,ocon,haas,20,14,14,0.00,51,Finished,+1:17.580,1:45.388,17,
813,2025,17,alonso,aston_martin,11,15,15,0.00,51,Finished,+1:18.707,1:45.002,15,
814,2025,17,hulkenberg,sauber,17,16,16,0.00,51,Finished,+1:20.237,1:44.370,11,
815,2025,17,stroll,aston_martin,14,17,17,0.00,51,Finished,+1:36.392,1:45.083,16,
816,2025,17,gasly,alpine,18,18,18,0.00,50,Lapped,+3.865,1:45.492,18,
817,2025,17,colapinto,alpine,16,19,19,0.00,50,Lapped,+6.325,1:46.055,19,
818,2025,17,piastri,mclaren,9,20,R,0.00,0,Retired,,,NULL,
819,2025,18,russell,mercedes,1,1,1,25.00,62,Finished,1:40:22.367,1:35.676,11,
820,2025,18,max_verstappen,red_bull,2,2,2,18.00,62,Finished,+5.430,1:35.649,10,
821,2025,18,norris,mclaren,5,3,3,15.00,62,Finished,+6.066,1:35.555,7,
822,2025,18,piastri,mclaren,3,4,4,12.00,62,Finished,+8.146,1:35.408,6,
823,2025,18,antonelli,mercedes,4,5,5,10.00,62,Finished,+33.681,1:35.303,4,
824,2025,18,leclerc,ferrari,7,6,6,8.00,62,Finished,+45.996,1:35.983,14,
825,2025,18,alonso,aston_martin,10,7,7,6.00,62,Finished,+1:20.667,1:35.862,13,
826,2025,18,hamilton,ferrari,6,8,8,4.00,62,Finished,+1:25.251,1:33.808,1,
827,2025,18,bearman,haas,9,9,9,2.00,62,Finished,+1:33.527,1:36.201,15,
828,2025,18,sainz,williams,18,10,10,1.00,61,Lapped,+10.754,1:34.963,3,
829,2025,18,hadjar,rb,8,11,11,0.00,61,Lapped,+17.335,1:36.938,18,
830,2025,18,tsunoda,red_bull,13,12,12,0.00,61,Lapped,+19.269,1:36.831,17,
831,2025,18,stroll,aston_martin,15,13,13,0.00,61,Lapped,+24.490,1:35.851,12,
832,2025,18,albon,williams,20,14,14,0.00,61,Lapped,+25.320,1:35.648,9,
833,2025,18,lawson,rb,12,15,15,0.00,61,Lapped,+27.145,1:35.641,8,
834,2025,18,colapinto,alpine,16,16,16,0.00,61,Lapped,+42.890,1:37.182,20,
835,2025,18,bortoleto,sauber,14,17,17,0.00,61,Lapped,+46.753,1:37.126,19,
836,2025,18,ocon,haas,17,18,18,0.00,61,Lapped,+47.133,1:36.646,16,
837,2025,18,gasly,alpine,19,19,19,0.00,61,Lapped,+47.461,1:34.573,2,
838,2025,18,hulkenberg,sauber,11,20,20,0.00,61,Lapped,+49.040,1:35.404,5,
839,2025,19,max_verstappen,red_bull,1,1,1,25.00,56,Finished,1:34:00.161,1:37.991,3,
840,2025,19,norris,mclaren,2,2,2,18.00,56,Finished,+7.959,1:37.620,2,
841,2025,19,leclerc,ferrari,3,3,3,15.00,56,Finished,+15.373,1:38.231,5,
842,2025,19,hamilton,ferrari,5,4,4,12.00,56,Finished,+28.536,1:38.361,8,
843,2025,19,piastri,mclaren,6,5,5,10.00,56,Finished,+29.678,1:38.564,10,
844,2025,19,russell,mercedes,4,6,6,8.00,56,Finished,+33.456,1:38.224,4,
845,2025,19,tsunoda,red_bull,13,7,7,6.00,56,Finished,+52.714,1:38.803,13,
846,2025,19,hulkenberg,sauber,11,8,8,4.00,56,Finished,+57.249,1:38.372,9,
847,2025,19,bearman,haas,8,9,9,2.00,56,Finished,+1:04.722,1:39.119,16,
848,2025,19,alonso,aston_martin,10,10,10,1.00,56,Finished,+1:10.001,1:38.789,12,
849,2025,19,lawson,rb,12,11,11,0.00,56,Finished,+1:13.209,1:38.983,14,
850,2025,19,stroll,aston_martin,19,12,12,0.00,56,Finished,+1:14.778,1:39.071,15,
851,2025,19,antonelli,mercedes,7,13,13,0.00,56,Finished,+1:15.746,1:37.577,1,
852,2025,19,albon,williams,18,14,14,0.00,56,Finished,+1:20.000,1:38.328,7,
853,2025,19,ocon,haas,17,15,15,0.00,56,Finished,+1:23.043,1:39.263,18,
854,2025,19,hadjar,rb,20,16,16,0.00,56,Finished,+1:32.807,1:38.724,11,
855,2025,19,colapinto,alpine,15,17,17,0.00,55,Lapped,+2.307,1:39.173,17,
856,2025,19,bortoleto,sauber,16,18,18,0.00,55,Lapped,+3.557,1:38.275,6,
857,2025,19,gasly,alpine,14,19,19,0.00,55,Lapped,+6.155,1:39.270,19,
858,2025,19,sainz,williams,9,20,R,0.00,5,Retired,,1:40.327,20,
859,2025,20,norris,mclaren,1,1,1,25.00,71,Finished,1:37:58.574,1:20.764,8,
860,2025,20,leclerc,ferrari,2,2,2,18.00,71,Finished,+30.324,1:21.588,14,
861,2025,20,max_verstappen,red_bull,5,3,3,15.00,71,Finished,+31.049,1:21.108,10,
862,2025,20,bearman,haas,9,4,4,12.00,71,Finished,+40.955,1:20.705,7,
863,2025,20,piastri,mclaren,7,5,5,10.00,71,Finished,+42.065,1:20.422,3,
864,2025,20,antonelli,mercedes,6,6,6,8.00,71,Finished,+47.837,1:20.826,9,
865,2025,20,russell,mercedes,4,7,7,6.00,71,Finished,+50.287,1:20.052,1,
866,2025,20,hamilton,ferrari,3,8,8,4.00,71,Finished,+56.446,1:20.601,6,
867,2025,20,ocon,haas,11,9,9,2.00,71,Finished,+1:15.464,1:21.869,17,
868,2025,20,bortoleto,sauber,16,10,10,1.00,71,Finished,+1:16.863,1:21.121,11,
869,2025,20,tsunoda,red_bull,10,11,11,0.00,71,Finished,+1:19.048,1:21.486,13,
870,2025,20,albon,williams,17,12,12,0.00,70,Lapped,+2.450,1:20.480,4,
871,2025,20,hadjar,rb,8,13,13,0.00,70,Lapped,+6.656,1:21.714,16,
872,2025,20,stroll,aston_martin,19,14,14,0.00,70,Lapped,+7.035,1:20.593,5,
873,2025,20,gasly,alpine,18,15,15,0.00,70,Lapped,+44.080,1:22.271,18,
874,2025,20,colapinto,alpine,20,16,16,0.00,70,Lapped,+44.376,1:21.342,12,
875,2025,20,sainz,williams,12,17,17,0.00,67,Retired,,1:20.098,2,
876,2025,20,alonso,aston_martin,14,18,R,0.00,34,Retired,,1:21.708,15,
877,2025,20,hulkenberg,sauber,13,19,R,0.00,25,Retired,,1:23.091,19,
878,2025,20,lawson,rb,15,20,R,0.00,5,Retired,,1:25.124,20,
879,2025,21,norris,mclaren,1,1,1,25.00,71,Finished,1:32:01.596,1:13.040,6,
880,2025,21,antonelli,mercedes,2,2,2,18.00,71,Finished,+10.388,1:13.123,9,
881,2025,21,max_verstappen,red_bull,19,3,3,15.00,71,Finished,+10.750,1:12.447,2,
882,2025,21,russell,mercedes,6,4,4,12.00,71,Finished,+15.267,1:13.097,8,
883,2025,21,piastri,mclaren,4,5,5,10.00,71,Finished,+15.749,1:12.742,3,
884,2025,21,bearman,haas,8,6,6,8.00,71,Finished,+29.630,1:13.483,13,
885,2025,21,lawson,rb,7,7,7,6.00,71,Finished,+52.642,1:14.029,18,
886,2025,21,hadjar,rb,5,8,8,4.00,71,Finished,+52.873,1:13.694,15,
887,2025,21,hulkenberg,sauber,10,9,9,2.00,71,Finished,+53.324,1:13.474,11,
888,2025,21,gasly,alpine,9,10,10,1.00,71,Finished,+53.914,1:13.736,16,
889,2025,21,albon,williams,12,11,11,0.00,71,Finished,+54.184,1:12.400,1,
890,2025,21,ocon,haas,20,12,12,0.00,71,Finished,+54.696,1:13.481,12,
891,2025,21,sainz,williams,15,13,13,0.00,71,Finished,+55.420,1:13.683,14,
892,2025,21,alonso,aston_martin,11,14,14,0.00,71,Finished,+55.766,1:13.312,10,
893,2025,21,colapinto,alpine,16,15,15,0.00,71,Finished,+57.777,1:12.816,5,
894,2025,21,stroll,aston_martin,14,16,16,0.00,71,Finished,+58.247,1:13.094,7,
895,2025,21,tsunoda,red_bull,17,17,17,0.00,71,Finished,+1:09.176,1:12.774,4,
896,2025,21,hamilton,ferrari,13,18,R,0.00,37,Retired,,1:13.844,17,
897,2025,21,leclerc,ferrari,3,19,R,0.00,5,Retired,,1:43.560,19,
898,2025,21,bortoleto,sauber,18,20,R,0.00,0,Retired,,,NULL,
899,2025,22,max_verstappen,red_bull,2,1,1,25.00,50,Finished,1:21:08.429,1:33.365,1,
900,2025,22,russell,mercedes,4,2,2,18.00,50,Finished,+23.546,1:34.592,9,
901,2025,22,antonelli,mercedes,17,3,3,15.00,50,Finished,+30.488,1:33.998,2,
902,2025,22,leclerc,ferrari,9,4,4,12.00,50,Finished,+30.678,1:34.304,3,
903,2025,22,sainz,williams,3,5,5,10.00,50,Finished,+34.924,1:34.496,4,
904,2025,22,hadjar,rb,8,6,6,8.00,50,Finished,+45.257,1:34.620,10,
905,2025,22,hulkenberg,sauber,11,7,7,6.00,50,Finished,+51.134,1:34.592,8,
906,2025,22,hamilton,ferrari,19,8,8,4.00,50,Finished,+59.369,1:34.553,6,
907,2025,22,ocon,haas,13,9,9,2.00,50,Finished,+1:00.635,1:34.557,7,
908,2025,22,bearman,haas,14,10,10,1.00,50,Finished,+1:10.549,1:34.519,5,
909,2025,22,alonso,aston_martin,7,11,11,0.00,50,Finished,+1:25.308,1:35.629,14,
910,2025,22,tsunoda,red_bull,20,12,12,0.00,50,Finished,+1:26.974,1:34.967,12,
911,2025,22,gasly,alpine,10,13,13,0.00,50,Finished,+1:31.702,1:35.674,15,
912,2025,22,lawson,rb,6,14,14,0.00,49,Lapped,+3.291,1:34.837,11,
913,2025,22,colapinto,alpine,15,15,15,0.00,49,Lapped,+10.459,1:35.780,16,
914,2025,22,albon,williams,16,16,R,0.00,35,Retired,,1:35.184,13,
915,2025,22,bortoleto,sauber,18,17,R,0.00,2,Retired,,,NULL,
916,2025,22,stroll,aston_martin,12,18,R,0.00,0,Retired,,,NULL,
917,2025,22,norris,mclaren,1,19,D,0.00,50,Disqualified,,,NULL,
918,2025,22,piastri,mclaren,5,20,D,0.00,50,Disqualified,,,NULL,
919,2025,23,max_verstappen,red_bull,3,1,1,25.00,57,Finished,1:24:38.241,1:23.498,5,
920,2025,23,piastri,mclaren,1,2,2,18.00,57,Finished,+7.995,1:22.996,1,
921,2025,23,sainz,williams,7,3,3,15.00,57,Finished,+22.665,1:23.859,6,
922,2025,23,norris,mclaren,2,4,4,12.00,57,Finished,+23.315,1:23.197,2,
923,2025,23,antonelli,mercedes,5,5,5,10.00,57,Finished,+28.317,1:23.955,8,
924,2025,23,russell,mercedes,4,6,6,8.00,57,Finished,+48.599,1:23.198,3,
925,2025,23,alonso,aston_martin,8,7,7,6.00,57,Finished,+54.045,1:23.940,7,
926,2025,23,leclerc,ferrari,10,8,8,4.00,57,Finished,+56.785,1:24.432,13,
927,2025,23,lawson,rb,12,9,9,2.00,57,Finished,+1:00.073,1:23.971,9,
928,2025,23,tsunoda,red_bull,15,10,10,1.00,57,Finished,+1:01.770,1:24.139,10,
929,2025,23,albon,williams,14,11,11,0.00,57,Finished,+1:06.931,1:24.261,11,
930,2025,23,hamilton,ferrari,17,12,12,0.00,57,Finished,+1:17.730,1:24.848,14,
931,2025,23,bortoleto,sauber,19,13,13,0.00,57,Finished,+1:24.812,1:25.233,17,
932,2025,23,colapinto,alpine,20,14,14,0.00,56,Lapped,+3.283,1:25.644,19,
933,2025,23,ocon,haas,16,15,15,0.00,56,Lapped,+4.253,1:25.056,16,
934,2025,23,gasly,alpine,9,16,16,0.00,56,Lapped,+4.941,1:25.376,18,
935,2025,23,stroll,aston_martin,18,17,17,0.00,55,Retired,,1:23.484,4,
936,2025,23,hadjar,rb,6,18,18,0.00,55,Retired,,1:24.317,12,
937,2025,23,bearman,haas,13,19,R,0.00,41,Retired,,1:24.930,15,
938,2025,23,hulkenberg,sauber,11,20,R,0.00,6,Retired,,1:28.139,20,
939,2025,24,max_verstappen,red_bull,1,1,1,25.00,58,Finished,1:26:07.469,1:27.625,5,
940,2025,24,piastri,mclaren,3,2,2,18.00,58,Finished,+12.594,1:26.765,2,
941,2025,24,norris,mclaren,2,3,3,15.00,58,Finished,+16.572,1:26.818,3,
942,2025,24,leclerc,ferrari,5,4,4,12.00,58,Finished,+23.279,1:26.725,1,
943,2025,24,russell,mercedes,4,5,5,10.00,58,Finished,+48.563,1:28.599,14,
944,2025,24,alonso,aston_martin,6,6,6,8.00,58,Finished,+1:07.562,1:28.279,11,
945,2025,24,ocon,haas,8,7,7,6.00,58,Finished,+1:09.876,1:28.655,15,
946,2025,24,hamilton,ferrari,16,8,8,4.00,58,Finished,+1:12.670,1:28.094,10,
947,2025,24,hulkenberg,sauber,18,9,9,2.00,58,Finished,+1:19.014,1:27.050,4,
948,2025,24,stroll,aston_martin,15,10,10,1.00,58,Finished,+1:19.523,1:27.626,6,
949,2025,24,bortoleto,sauber,7,11,11,0.00,58,Finished,+1:21.043,1:29.114,19,
950,2025,24,bearman,haas,11,12,12,0.00,58,Finished,+1:21.166,1:28.976,17,
951,2025,24,sainz,williams,12,13,13,0.00,58,Finished,+1:22.158,1:29.052,18,
952,2025,24,tsunoda,red_bull,10,14,14,0.00,58,Finished,+1:23.794,1:28.557,13,
953,2025,24,antonelli,mercedes,14,15,15,0.00,58,Finished,+1:24.399,1:28.029,9,
954,2025,24,albon,williams,17,16,16,0.00,58,Finished,+1:30.327,1:28.367,12,
955,2025,24,hadjar,rb,9,17,17,0.00,57,Lapped,+1.327,1:29.375,20,
956,2025,24,lawson,rb,13,18,18,0.00,57,Lapped,+4.659,1:28.886,16,
957,2025,24,gasly,alpine,19,19,19,0.00,57,Lapped,+11.908,1:27.767,8,
958,2025,24,colapinto,alpine,20,20,20,0.00,57,Lapped,+14.003,1:27.710,7,
959,2026,1,russell,mercedes,1,1,1,25.00,58,Finished,1:23:06.801,1:22.670,6,
960,2026,1,antonelli,mercedes,2,2,2,18.00,58,Finished,+2.974,1:22.417,3,
961,2026,1,leclerc,ferrari,4,3,3,15.00,58,Finished,+15.519,1:22.579,5,
962,2026,1,hamilton,ferrari,7,4,4,12.00,58,Finished,+16.144,1:22.423,4,
963,2026,1,norris,mclaren,6,5,5,10.00,58,Finished,+51.741,1:22.358,2,
964,2026,1,max_verstappen,red_bull,20,6,6,8.00,58,Finished,+54.617,1:22.091,1,
965,2026,1,bearman,haas,12,7,7,6.00,57,Lapped,+4.593,1:24.020,11,
966,2026,1,arvid_lindblad,rb,9,8,8,4.00,57,Lapped,+11.816,1:24.182,12,
967,2026,1,bortoleto,audi,10,9,9,2.00,57,Lapped,+12.775,1:23.257,8,
968,2026,1,gasly,alpine,14,10,10,1.00,57,Lapped,+29.027,1:24.486,15,
969,2026,1,ocon,haas,13,11,11,0.00,57,Lapped,+29.850,1:24.424,14,
970,2026,1,albon,williams,15,12,12,0.00,57,Lapped,+56.075,1:24.375,13,
971,2026,1,lawson,rb,8,13,13,0.00,57,Lapped,+57.173,1:23.783,10,
972,2026,1,colapinto,alpine,16,14,14,0.00,56,Lapped,+8.487,1:22.926,7,
973,2026,1,sainz,williams,21,15,15,0.00,56,Lapped,+36.886,1:23.590,9,
974,2026,1,perez,cadillac,18,16,16,0.00,55,Lapped,+7.850,1:26.070,19,
975,2026,1,stroll,aston_martin,22,17,R,0.00,43,Lapped,,1:25.410,17,
976,2026,1,alonso,aston_martin,17,18,R,0.00,21,Retired,,1:25.713,18,
977,2026,1,bottas,cadillac,19,19,R,0.00,15,Retired,,1:27.364,20,
978,2026,1,hadjar,red_bull,3,20,R,0.00,10,Retired,,1:25.239,16,
979,2026,1,piastri,mclaren,5,21,W,0.00,0,"Did not start",,,NULL,
980,2026,1,hulkenberg,audi,11,22,W,0.00,0,"Did not start",,,NULL,
981,2026,2,antonelli,mercedes,1,1,1,25.00,56,Finished,1:33:15.607,1:35.275,1,
982,2026,2,russell,mercedes,2,2,2,18.00,56,Finished,+5.515,1:35.400,2,
983,2026,2,hamilton,ferrari,3,3,3,15.00,56,Finished,+25.267,1:36.092,5,
984,2026,2,leclerc,ferrari,4,4,4,12.00,56,Finished,+28.894,1:36.011,4,
985,2026,2,bearman,haas,10,5,5,10.00,56,Finished,+57.268,1:36.429,8,
986,2026,2,gasly,alpine,7,6,6,8.00,56,Finished,+59.647,1:36.505,9,
987,2026,2,lawson,rb,14,7,7,6.00,56,Finished,+1:20.588,1:37.096,12,
988,2026,2,hadjar,red_bull,9,8,8,4.00,56,Finished,+1:27.247,1:37.311,13,
989,2026,2,sainz,williams,17,9,9,2.00,55,Lapped,+11.673,1:37.981,14,
990,2026,2,colapinto,alpine,12,10,10,1.00,55,Lapped,+12.403,1:36.783,10,
991,2026,2,hulkenberg,audi,11,11,11,0.00,55,Lapped,+21.109,1:36.180,7,
992,2026,2,arvid_lindblad,rb,15,12,12,0.00,55,Lapped,+22.828,1:36.099,6,
993,2026,2,bottas,cadillac,19,13,13,0.00,55,Lapped,+56.158,1:38.393,15,
994,2026,2,ocon,haas,13,14,14,0.00,55,Lapped,+1:06.256,1:35.964,3,
995,2026,2,perez,cadillac,21,15,15,0.00,55,Lapped,+1:14.641,1:38.523,16,
996,2026,2,max_verstappen,red_bull,8,16,R,0.00,45,Retired,,1:37.046,11,
997,2026,2,alonso,aston_martin,18,17,R,0.00,32,Retired,,1:39.721,17,
998,2026,2,stroll,aston_martin,20,18,R,0.00,9,Retired,,1:40.883,18,
999,2026,2,piastri,mclaren,5,19,W,0.00,0,"Did not start",,,NULL,
1000,2026,2,norris,mclaren,6,20,W,0.00,0,"Did not start",,,NULL,
